file_id,has_audio,has_lyrics,has_midi,label_cluster,label_full
001,True,True,False,Cluster 1,Cluster 1 / Boisterous
002,True,False,False,Cluster 1,Cluster 1 / Boisterous
003,True,True,False,Cluster 1,Cluster 1 / Boisterous
004,True,True,True,Cluster 1,Cluster 1 / Boisterous
005,True,False,False,Cluster 1,Cluster 1 / Boisterous
006,True,False,False,Cluster 1,Cluster 1 / Boisterous
007,True,True,False,Cluster 1,Cluster 1 / Boisterous
008,True,True,True,Cluster 1,Cluster 1 / Boisterous
009,True,True,True,Cluster 1,Cluster 1 / Boisterous
010,True,True,False,Cluster 1,Cluster 1 / Boisterous
011,True,True,False,Cluster 1,Cluster 1 / Boisterous
012,True,True,True,Cluster 1,Cluster 1 / Boisterous
013,True,True,False,Cluster 1,Cluster 1 / Boisterous
014,True,False,False,Cluster 1,Cluster 1 / Boisterous
015,True,True,False,Cluster 1,Cluster 1 / Boisterous
016,True,True,False,Cluster 1,Cluster 1 / Boisterous
017,True,True,False,Cluster 1,Cluster 1 / Boisterous
018,True,False,False,Cluster 1,Cluster 1 / Boisterous
019,True,True,True,Cluster 1,Cluster 1 / Boisterous
020,True,True,True,Cluster 1,Cluster 1 / Boisterous
021,True,True,False,Cluster 1,Cluster 1 / Boisterous
022,True,True,False,Cluster 1,Cluster 1 / Boisterous
023,True,False,False,Cluster 1,Cluster 1 / Boisterous
024,True,True,False,Cluster 1,Cluster 1 / Boisterous
025,True,True,False,Cluster 1,Cluster 1 / Boisterous
026,True,False,False,Cluster 1,Cluster 1 / Boisterous
027,True,True,False,Cluster 1,Cluster 1 / Boisterous
028,True,True,False,Cluster 1,Cluster 1 / Boisterous
029,True,True,False,Cluster 1,Cluster 1 / Boisterous
030,True,True,False,Cluster 1,Cluster 1 / Boisterous
031,True,False,False,Cluster 1,Cluster 1 / Boisterous
032,True,True,True,Cluster 1,Cluster 1 / Confident
033,True,True,False,Cluster 1,Cluster 1 / Confident
034,True,True,False,Cluster 1,Cluster 1 / Confident
035,True,False,False,Cluster 1,Cluster 1 / Confident
036,True,True,False,Cluster 1,Cluster 1 / Confident
037,True,True,True,Cluster 1,Cluster 1 / Confident
038,True,True,False,Cluster 1,Cluster 1 / Confident
039,True,True,True,Cluster 1,Cluster 1 / Confident
040,True,True,True,Cluster 1,Cluster 1 / Confident
041,True,True,False,Cluster 1,Cluster 1 / Confident
042,True,True,True,Cluster 1,Cluster 1 / Confident
043,True,True,False,Cluster 1,Cluster 1 / Confident
044,True,True,True,Cluster 1,Cluster 1 / Confident
045,True,True,False,Cluster 1,Cluster 1 / Confident
046,True,True,False,Cluster 1,Cluster 1 / Confident
047,True,False,False,Cluster 1,Cluster 1 / Confident
048,True,True,False,Cluster 1,Cluster 1 / Confident
049,True,True,True,Cluster 1,Cluster 1 / Confident
050,True,True,False,Cluster 1,Cluster 1 / Confident
051,True,True,False,Cluster 1,Cluster 1 / Confident
052,True,True,False,Cluster 1,Cluster 1 / Confident
053,True,True,False,Cluster 1,Cluster 1 / Confident
054,True,True,False,Cluster 1,Cluster 1 / Confident
055,True,True,True,Cluster 1,Cluster 1 / Confident
056,True,True,False,Cluster 1,Cluster 1 / Confident
057,True,True,False,Cluster 1,Cluster 1 / Confident
058,True,True,False,Cluster 1,Cluster 1 / Confident
059,True,True,True,Cluster 1,Cluster 1 / Confident
060,True,True,False,Cluster 1,Cluster 1 / Confident
061,True,True,False,Cluster 1,Cluster 1 / Confident
062,True,True,False,Cluster 1,Cluster 1 / Confident
063,True,True,True,Cluster 1,Cluster 1 / Confident
064,True,True,True,Cluster 1,Cluster 1 / Confident
065,True,False,False,Cluster 1,Cluster 1 / Confident
066,True,True,True,Cluster 1,Cluster 1 / Confident
067,True,True,False,Cluster 1,Cluster 1 / Confident
068,True,True,False,Cluster 1,Cluster 1 / Confident
069,True,True,True,Cluster 1,Cluster 1 / Passionate
070,True,False,False,Cluster 1,Cluster 1 / Passionate
071,True,True,False,Cluster 1,Cluster 1 / Passionate
072,True,True,True,Cluster 1,Cluster 1 / Passionate
073,True,True,False,Cluster 1,Cluster 1 / Passionate
074,True,True,False,Cluster 1,Cluster 1 / Passionate
075,True,False,False,Cluster 1,Cluster 1 / Passionate
076,True,False,False,Cluster 1,Cluster 1 / Passionate
077,True,True,False,Cluster 1,Cluster 1 / Passionate
078,True,True,True,Cluster 1,Cluster 1 / Passionate
079,True,True,False,Cluster 1,Cluster 1 / Passionate
080,True,False,False,Cluster 1,Cluster 1 / Passionate
081,True,True,False,Cluster 1,Cluster 1 / Passionate
082,True,False,False,Cluster 1,Cluster 1 / Passionate
083,True,False,False,Cluster 1,Cluster 1 / Passionate
084,True,True,False,Cluster 1,Cluster 1 / Passionate
085,True,True,False,Cluster 1,Cluster 1 / Passionate
086,True,True,False,Cluster 1,Cluster 1 / Passionate
087,True,True,False,Cluster 1,Cluster 1 / Passionate
088,True,True,False,Cluster 1,Cluster 1 / Passionate
089,True,False,False,Cluster 1,Cluster 1 / Passionate
090,True,True,False,Cluster 1,Cluster 1 / Passionate
091,True,True,True,Cluster 1,Cluster 1 / Passionate
092,True,True,True,Cluster 1,Cluster 1 / Passionate
093,True,False,False,Cluster 1,Cluster 1 / Passionate
094,True,False,False,Cluster 1,Cluster 1 / Passionate
095,True,False,False,Cluster 1,Cluster 1 / Passionate
096,True,True,False,Cluster 1,Cluster 1 / Passionate
097,True,True,True,Cluster 1,Cluster 1 / Passionate
098,True,True,False,Cluster 1,Cluster 1 / Passionate
099,True,True,True,Cluster 1,Cluster 1 / Passionate
100,True,True,False,Cluster 1,Cluster 1 / Passionate
101,True,True,False,Cluster 1,Cluster 1 / Passionate
102,True,False,False,Cluster 1,Cluster 1 / Passionate
103,True,True,False,Cluster 1,Cluster 1 / Passionate
104,True,True,False,Cluster 1,Cluster 1 / Passionate
105,True,True,False,Cluster 1,Cluster 1 / Passionate
106,True,True,False,Cluster 1,Cluster 1 / Passionate
107,True,False,False,Cluster 1,Cluster 1 / Passionate
108,True,True,True,Cluster 1,Cluster 1 / Passionate
109,True,True,False,Cluster 1,Cluster 1 / Rousing
110,True,True,False,Cluster 1,Cluster 1 / Rousing
111,True,True,True,Cluster 1,Cluster 1 / Rousing
112,True,True,False,Cluster 1,Cluster 1 / Rousing
113,True,True,True,Cluster 1,Cluster 1 / Rousing
114,True,True,True,Cluster 1,Cluster 1 / Rousing
115,True,True,True,Cluster 1,Cluster 1 / Rousing
116,True,True,False,Cluster 1,Cluster 1 / Rousing
117,True,True,True,Cluster 1,Cluster 1 / Rousing
118,True,True,False,Cluster 1,Cluster 1 / Rousing
119,True,True,True,Cluster 1,Cluster 1 / Rousing
120,True,True,True,Cluster 1,Cluster 1 / Rousing
121,True,True,True,Cluster 1,Cluster 1 / Rousing
122,True,True,False,Cluster 1,Cluster 1 / Rousing
123,True,True,False,Cluster 1,Cluster 1 / Rousing
124,True,True,True,Cluster 1,Cluster 1 / Rousing
125,True,True,True,Cluster 1,Cluster 1 / Rousing
126,True,True,False,Cluster 1,Cluster 1 / Rousing
127,True,True,False,Cluster 1,Cluster 1 / Rousing
128,True,True,True,Cluster 1,Cluster 1 / Rousing
129,True,True,True,Cluster 1,Cluster 1 / Rousing
130,True,False,False,Cluster 1,Cluster 1 / Rousing
131,True,True,False,Cluster 1,Cluster 1 / Rousing
132,True,False,False,Cluster 1,Cluster 1 / Rousing
133,True,True,True,Cluster 1,Cluster 1 / Rousing
134,True,True,False,Cluster 1,Cluster 1 / Rousing
135,True,True,False,Cluster 1,Cluster 1 / Rousing
136,True,False,False,Cluster 1,Cluster 1 / Rousing
137,True,True,False,Cluster 1,Cluster 1 / Rousing
138,True,True,True,Cluster 1,Cluster 1 / Rousing
139,True,True,True,Cluster 1,Cluster 1 / Rousing
140,True,True,False,Cluster 1,Cluster 1 / Rousing
141,True,False,False,Cluster 1,Cluster 1 / Rousing
142,True,True,False,Cluster 1,Cluster 1 / Rowdy
143,True,True,False,Cluster 1,Cluster 1 / Rowdy
144,True,True,False,Cluster 1,Cluster 1 / Rowdy
145,True,True,False,Cluster 1,Cluster 1 / Rowdy
146,True,False,False,Cluster 1,Cluster 1 / Rowdy
147,True,True,False,Cluster 1,Cluster 1 / Rowdy
148,True,True,True,Cluster 1,Cluster 1 / Rowdy
149,True,True,False,Cluster 1,Cluster 1 / Rowdy
150,True,True,False,Cluster 1,Cluster 1 / Rowdy
151,True,False,False,Cluster 1,Cluster 1 / Rowdy
152,True,True,False,Cluster 1,Cluster 1 / Rowdy
153,True,True,False,Cluster 1,Cluster 1 / Rowdy
154,True,True,False,Cluster 1,Cluster 1 / Rowdy
155,True,True,False,Cluster 1,Cluster 1 / Rowdy
156,True,False,False,Cluster 1,Cluster 1 / Rowdy
157,True,True,True,Cluster 1,Cluster 1 / Rowdy
158,True,False,False,Cluster 1,Cluster 1 / Rowdy
159,True,True,False,Cluster 1,Cluster 1 / Rowdy
160,True,True,False,Cluster 1,Cluster 1 / Rowdy
161,True,False,False,Cluster 1,Cluster 1 / Rowdy
162,True,True,False,Cluster 1,Cluster 1 / Rowdy
163,True,False,False,Cluster 1,Cluster 1 / Rowdy
164,True,True,True,Cluster 1,Cluster 1 / Rowdy
165,True,True,False,Cluster 1,Cluster 1 / Rowdy
166,True,False,True,Cluster 1,Cluster 1 / Rowdy
167,True,True,False,Cluster 1,Cluster 1 / Rowdy
168,True,False,False,Cluster 1,Cluster 1 / Rowdy
169,True,True,False,Cluster 1,Cluster 1 / Rowdy
170,True,True,False,Cluster 1,Cluster 1 / Rowdy
171,True,True,False,Cluster 2,Cluster 2 / Amiable-good natured
172,True,False,False,Cluster 2,Cluster 2 / Amiable-good natured
173,True,True,False,Cluster 2,Cluster 2 / Amiable-good natured
174,True,True,False,Cluster 2,Cluster 2 / Amiable-good natured
175,True,True,True,Cluster 2,Cluster 2 / Amiable-good natured
176,True,False,False,Cluster 2,Cluster 2 / Amiable-good natured
177,True,True,True,Cluster 2,Cluster 2 / Amiable-good natured
178,True,True,False,Cluster 2,Cluster 2 / Amiable-good natured
179,True,True,False,Cluster 2,Cluster 2 / Amiable-good natured
180,True,True,True,Cluster 2,Cluster 2 / Amiable-good natured
181,True,True,False,Cluster 2,Cluster 2 / Amiable-good natured
182,True,True,False,Cluster 2,Cluster 2 / Amiable-good natured
183,True,True,True,Cluster 2,Cluster 2 / Amiable-good natured
184,True,False,False,Cluster 2,Cluster 2 / Amiable-good natured
185,True,False,False,Cluster 2,Cluster 2 / Amiable-good natured
186,True,True,True,Cluster 2,Cluster 2 / Amiable-good natured
187,True,False,False,Cluster 2,Cluster 2 / Amiable-good natured
188,True,True,False,Cluster 2,Cluster 2 / Amiable-good natured
189,True,True,True,Cluster 2,Cluster 2 / Amiable-good natured
190,True,True,False,Cluster 2,Cluster 2 / Amiable-good natured
191,True,True,False,Cluster 2,Cluster 2 / Amiable-good natured
192,True,True,False,Cluster 2,Cluster 2 / Amiable-good natured
193,True,True,False,Cluster 2,Cluster 2 / Amiable-good natured
194,True,True,True,Cluster 2,Cluster 2 / Amiable-good natured
195,True,True,False,Cluster 2,Cluster 2 / Amiable-good natured
196,True,True,False,Cluster 2,Cluster 2 / Amiable-good natured
197,True,True,True,Cluster 2,Cluster 2 / Amiable-good natured
198,True,True,True,Cluster 2,Cluster 2 / Amiable-good natured
199,True,True,False,Cluster 2,Cluster 2 / Amiable-good natured
200,True,True,False,Cluster 2,Cluster 2 / Amiable-good natured
201,True,True,False,Cluster 2,Cluster 2 / Amiable-good natured
202,True,True,False,Cluster 2,Cluster 2 / Amiable-good natured
203,True,True,False,Cluster 2,Cluster 2 / Amiable-good natured
204,True,True,False,Cluster 2,Cluster 2 / Amiable-good natured
205,True,True,True,Cluster 2,Cluster 2 / Amiable-good natured
206,True,False,False,Cluster 2,Cluster 2 / Cheerful
207,True,False,False,Cluster 2,Cluster 2 / Cheerful
208,True,True,False,Cluster 2,Cluster 2 / Cheerful
209,True,True,True,Cluster 2,Cluster 2 / Cheerful
210,True,True,False,Cluster 2,Cluster 2 / Cheerful
211,True,True,False,Cluster 2,Cluster 2 / Cheerful
212,True,True,True,Cluster 2,Cluster 2 / Cheerful
213,True,True,False,Cluster 2,Cluster 2 / Cheerful
214,True,True,False,Cluster 2,Cluster 2 / Cheerful
215,True,True,False,Cluster 2,Cluster 2 / Cheerful
216,True,True,True,Cluster 2,Cluster 2 / Cheerful
217,True,True,False,Cluster 2,Cluster 2 / Cheerful
218,True,True,True,Cluster 2,Cluster 2 / Cheerful
219,True,False,False,Cluster 2,Cluster 2 / Cheerful
220,True,True,False,Cluster 2,Cluster 2 / Cheerful
221,True,False,False,Cluster 2,Cluster 2 / Cheerful
222,True,True,False,Cluster 2,Cluster 2 / Cheerful
223,True,True,False,Cluster 2,Cluster 2 / Cheerful
224,True,True,False,Cluster 2,Cluster 2 / Cheerful
225,True,True,False,Cluster 2,Cluster 2 / Cheerful
226,True,False,False,Cluster 2,Cluster 2 / Cheerful
227,True,False,False,Cluster 2,Cluster 2 / Cheerful
228,True,True,True,Cluster 2,Cluster 2 / Cheerful
229,True,False,False,Cluster 2,Cluster 2 / Cheerful
230,True,True,False,Cluster 2,Cluster 2 / Cheerful
231,True,True,True,Cluster 2,Cluster 2 / Cheerful
232,True,True,False,Cluster 2,Cluster 2 / Cheerful
233,True,True,True,Cluster 2,Cluster 2 / Cheerful
234,True,True,False,Cluster 2,Cluster 2 / Cheerful
235,True,True,True,Cluster 2,Cluster 2 / Cheerful
236,True,True,False,Cluster 2,Cluster 2 / Cheerful
237,True,False,False,Cluster 2,Cluster 2 / Cheerful
238,True,True,False,Cluster 2,Cluster 2 / Fun
239,True,True,False,Cluster 2,Cluster 2 / Fun
240,True,True,True,Cluster 2,Cluster 2 / Fun
241,True,True,False,Cluster 2,Cluster 2 / Fun
242,True,True,False,Cluster 2,Cluster 2 / Fun
243,True,True,False,Cluster 2,Cluster 2 / Fun
244,True,True,False,Cluster 2,Cluster 2 / Fun
245,True,True,False,Cluster 2,Cluster 2 / Fun
246,True,True,True,Cluster 2,Cluster 2 / Fun
247,True,True,False,Cluster 2,Cluster 2 / Fun
248,True,True,True,Cluster 2,Cluster 2 / Fun
249,True,True,False,Cluster 2,Cluster 2 / Fun
250,True,True,True,Cluster 2,Cluster 2 / Fun
251,True,True,True,Cluster 2,Cluster 2 / Fun
252,True,False,True,Cluster 2,Cluster 2 / Fun
253,True,True,True,Cluster 2,Cluster 2 / Fun
254,True,True,False,Cluster 2,Cluster 2 / Fun
255,True,True,False,Cluster 2,Cluster 2 / Fun
256,True,True,False,Cluster 2,Cluster 2 / Fun
257,True,True,False,Cluster 2,Cluster 2 / Fun
258,True,True,False,Cluster 2,Cluster 2 / Fun
259,True,True,False,Cluster 2,Cluster 2 / Fun
260,True,True,False,Cluster 2,Cluster 2 / Fun
261,True,True,False,Cluster 2,Cluster 2 / Fun
262,True,True,False,Cluster 2,Cluster 2 / Fun
263,True,False,False,Cluster 2,Cluster 2 / Fun
264,True,True,False,Cluster 2,Cluster 2 / Fun
265,True,False,False,Cluster 2,Cluster 2 / Fun
266,True,True,True,Cluster 2,Cluster 2 / Fun
267,True,True,False,Cluster 2,Cluster 2 / Rollicking
268,True,True,True,Cluster 2,Cluster 2 / Rollicking
269,True,True,False,Cluster 2,Cluster 2 / Rollicking
270,True,True,False,Cluster 2,Cluster 2 / Rollicking
271,True,False,False,Cluster 2,Cluster 2 / Rollicking
272,True,False,True,Cluster 2,Cluster 2 / Rollicking
273,True,True,True,Cluster 2,Cluster 2 / Rollicking
274,True,True,False,Cluster 2,Cluster 2 / Rollicking
275,True,True,False,Cluster 2,Cluster 2 / Rollicking
276,True,True,False,Cluster 2,Cluster 2 / Rollicking
277,True,True,True,Cluster 2,Cluster 2 / Rollicking
278,True,False,False,Cluster 2,Cluster 2 / Rollicking
279,True,True,False,Cluster 2,Cluster 2 / Rollicking
280,True,True,False,Cluster 2,Cluster 2 / Rollicking
281,True,True,False,Cluster 2,Cluster 2 / Rollicking
282,True,True,False,Cluster 2,Cluster 2 / Rollicking
283,True,True,False,Cluster 2,Cluster 2 / Rollicking
284,True,True,False,Cluster 2,Cluster 2 / Rollicking
285,True,True,True,Cluster 2,Cluster 2 / Rollicking
286,True,True,True,Cluster 2,Cluster 2 / Rollicking
287,True,False,False,Cluster 2,Cluster 2 / Rollicking
288,True,True,True,Cluster 2,Cluster 2 / Rollicking
289,True,True,False,Cluster 2,Cluster 2 / Rollicking
290,True,True,False,Cluster 2,Cluster 2 / Rollicking
291,True,False,False,Cluster 2,Cluster 2 / Rollicking
292,True,True,False,Cluster 2,Cluster 2 / Rollicking
293,True,True,False,Cluster 2,Cluster 2 / Rollicking
294,True,False,False,Cluster 2,Cluster 2 / Rollicking
295,True,True,True,Cluster 2,Cluster 2 / Rollicking
296,True,True,True,Cluster 2,Cluster 2 / Rollicking
297,True,False,False,Cluster 2,Cluster 2 / Rollicking
298,True,True,True,Cluster 2,Cluster 2 / Rollicking
299,True,True,False,Cluster 2,Cluster 2 / Rollicking
300,True,True,False,Cluster 2,Cluster 2 / Sweet
301,True,True,True,Cluster 2,Cluster 2 / Sweet
302,True,True,False,Cluster 2,Cluster 2 / Sweet
303,True,True,False,Cluster 2,Cluster 2 / Sweet
304,True,True,False,Cluster 2,Cluster 2 / Sweet
305,True,True,False,Cluster 2,Cluster 2 / Sweet
306,True,True,False,Cluster 2,Cluster 2 / Sweet
307,True,True,True,Cluster 2,Cluster 2 / Sweet
308,True,True,False,Cluster 2,Cluster 2 / Sweet
309,True,True,True,Cluster 2,Cluster 2 / Sweet
310,True,True,False,Cluster 2,Cluster 2 / Sweet
311,True,True,False,Cluster 2,Cluster 2 / Sweet
312,True,False,False,Cluster 2,Cluster 2 / Sweet
313,True,True,True,Cluster 2,Cluster 2 / Sweet
314,True,True,False,Cluster 2,Cluster 2 / Sweet
315,True,True,False,Cluster 2,Cluster 2 / Sweet
316,True,True,True,Cluster 2,Cluster 2 / Sweet
317,True,True,False,Cluster 2,Cluster 2 / Sweet
318,True,True,True,Cluster 2,Cluster 2 / Sweet
319,True,True,False,Cluster 2,Cluster 2 / Sweet
320,True,True,False,Cluster 2,Cluster 2 / Sweet
321,True,True,False,Cluster 2,Cluster 2 / Sweet
322,True,True,False,Cluster 2,Cluster 2 / Sweet
323,True,True,False,Cluster 2,Cluster 2 / Sweet
324,True,True,False,Cluster 2,Cluster 2 / Sweet
325,True,True,False,Cluster 2,Cluster 2 / Sweet
326,True,True,False,Cluster 2,Cluster 2 / Sweet
327,True,True,False,Cluster 2,Cluster 2 / Sweet
328,True,True,True,Cluster 2,Cluster 2 / Sweet
329,True,True,False,Cluster 2,Cluster 2 / Sweet
330,True,False,False,Cluster 2,Cluster 2 / Sweet
331,True,False,False,Cluster 2,Cluster 2 / Sweet
332,True,True,True,Cluster 2,Cluster 2 / Sweet
333,True,True,False,Cluster 2,Cluster 2 / Sweet
334,True,True,True,Cluster 2,Cluster 2 / Sweet
335,True,True,False,Cluster 3,Cluster 3 / Autumnal
336,True,True,False,Cluster 3,Cluster 3 / Autumnal
337,True,True,False,Cluster 3,Cluster 3 / Autumnal
338,True,True,True,Cluster 3,Cluster 3 / Autumnal
339,True,True,False,Cluster 3,Cluster 3 / Autumnal
340,True,True,False,Cluster 3,Cluster 3 / Autumnal
341,True,True,False,Cluster 3,Cluster 3 / Autumnal
342,True,True,True,Cluster 3,Cluster 3 / Autumnal
343,True,True,True,Cluster 3,Cluster 3 / Autumnal
344,True,True,True,Cluster 3,Cluster 3 / Autumnal
345,True,True,True,Cluster 3,Cluster 3 / Autumnal
346,True,True,False,Cluster 3,Cluster 3 / Autumnal
347,True,True,True,Cluster 3,Cluster 3 / Autumnal
348,True,True,False,Cluster 3,Cluster 3 / Autumnal
349,True,True,False,Cluster 3,Cluster 3 / Autumnal
350,True,True,False,Cluster 3,Cluster 3 / Autumnal
351,True,True,False,Cluster 3,Cluster 3 / Autumnal
352,True,True,False,Cluster 3,Cluster 3 / Autumnal
353,True,False,False,Cluster 3,Cluster 3 / Autumnal
354,True,True,False,Cluster 3,Cluster 3 / Autumnal
355,True,True,False,Cluster 3,Cluster 3 / Autumnal
356,True,True,False,Cluster 3,Cluster 3 / Autumnal
357,True,True,False,Cluster 3,Cluster 3 / Autumnal
358,True,True,False,Cluster 3,Cluster 3 / Autumnal
359,True,False,False,Cluster 3,Cluster 3 / Autumnal
360,True,True,False,Cluster 3,Cluster 3 / Autumnal
361,True,True,False,Cluster 3,Cluster 3 / Autumnal
362,True,True,False,Cluster 3,Cluster 3 / Autumnal
363,True,False,False,Cluster 3,Cluster 3 / Autumnal
364,True,True,False,Cluster 3,Cluster 3 / Autumnal
365,True,True,False,Cluster 3,Cluster 3 / Autumnal
366,True,True,False,Cluster 3,Cluster 3 / Autumnal
367,True,True,False,Cluster 3,Cluster 3 / Autumnal
368,True,True,False,Cluster 3,Cluster 3 / Autumnal
369,True,True,True,Cluster 3,Cluster 3 / Autumnal
370,True,True,False,Cluster 3,Cluster 3 / Autumnal
371,True,True,False,Cluster 3,Cluster 3 / Bittersweet
372,True,True,False,Cluster 3,Cluster 3 / Bittersweet
373,True,False,False,Cluster 3,Cluster 3 / Bittersweet
374,True,True,False,Cluster 3,Cluster 3 / Bittersweet
375,True,True,False,Cluster 3,Cluster 3 / Bittersweet
376,True,False,False,Cluster 3,Cluster 3 / Bittersweet
377,True,False,False,Cluster 3,Cluster 3 / Bittersweet
378,True,True,True,Cluster 3,Cluster 3 / Bittersweet
379,True,True,False,Cluster 3,Cluster 3 / Bittersweet
380,True,True,True,Cluster 3,Cluster 3 / Bittersweet
381,True,True,False,Cluster 3,Cluster 3 / Bittersweet
382,True,True,False,Cluster 3,Cluster 3 / Bittersweet
383,True,True,True,Cluster 3,Cluster 3 / Bittersweet
384,True,True,False,Cluster 3,Cluster 3 / Bittersweet
385,True,True,False,Cluster 3,Cluster 3 / Bittersweet
386,True,True,False,Cluster 3,Cluster 3 / Bittersweet
387,True,True,True,Cluster 3,Cluster 3 / Bittersweet
388,True,True,True,Cluster 3,Cluster 3 / Bittersweet
389,True,False,False,Cluster 3,Cluster 3 / Bittersweet
390,True,True,False,Cluster 3,Cluster 3 / Bittersweet
391,True,True,False,Cluster 3,Cluster 3 / Bittersweet
392,True,True,False,Cluster 3,Cluster 3 / Bittersweet
393,True,True,True,Cluster 3,Cluster 3 / Bittersweet
394,True,True,False,Cluster 3,Cluster 3 / Bittersweet
395,True,True,False,Cluster 3,Cluster 3 / Bittersweet
396,True,True,False,Cluster 3,Cluster 3 / Bittersweet
397,True,True,True,Cluster 3,Cluster 3 / Bittersweet
398,True,True,False,Cluster 3,Cluster 3 / Bittersweet
399,True,False,False,Cluster 3,Cluster 3 / Bittersweet
400,True,True,True,Cluster 3,Cluster 3 / Bittersweet
401,True,True,False,Cluster 3,Cluster 3 / Bittersweet
402,True,True,True,Cluster 3,Cluster 3 / Bittersweet
403,True,True,True,Cluster 3,Cluster 3 / Bittersweet
404,True,True,True,Cluster 3,Cluster 3 / Bittersweet
405,True,True,False,Cluster 3,Cluster 3 / Bittersweet
406,True,True,False,Cluster 3,Cluster 3 / Bittersweet
407,True,True,False,Cluster 3,Cluster 3 / Bittersweet
408,True,True,False,Cluster 3,Cluster 3 / Bittersweet
409,True,True,False,Cluster 3,Cluster 3 / Brooding
410,True,True,False,Cluster 3,Cluster 3 / Brooding
411,True,True,True,Cluster 3,Cluster 3 / Brooding
412,True,True,False,Cluster 3,Cluster 3 / Brooding
413,True,False,False,Cluster 3,Cluster 3 / Brooding
414,True,False,False,Cluster 3,Cluster 3 / Brooding
415,True,False,False,Cluster 3,Cluster 3 / Brooding
416,True,True,True,Cluster 3,Cluster 3 / Brooding
417,True,True,False,Cluster 3,Cluster 3 / Brooding
418,True,True,False,Cluster 3,Cluster 3 / Brooding
419,True,True,False,Cluster 3,Cluster 3 / Brooding
420,True,True,False,Cluster 3,Cluster 3 / Brooding
421,True,True,True,Cluster 3,Cluster 3 / Brooding
422,True,True,False,Cluster 3,Cluster 3 / Brooding
423,True,True,False,Cluster 3,Cluster 3 / Brooding
424,True,True,False,Cluster 3,Cluster 3 / Brooding
425,True,True,False,Cluster 3,Cluster 3 / Brooding
426,True,True,False,Cluster 3,Cluster 3 / Brooding
427,True,True,True,Cluster 3,Cluster 3 / Brooding
428,True,True,False,Cluster 3,Cluster 3 / Brooding
429,True,True,False,Cluster 3,Cluster 3 / Brooding
430,True,True,True,Cluster 3,Cluster 3 / Brooding
431,True,True,False,Cluster 3,Cluster 3 / Brooding
432,True,True,False,Cluster 3,Cluster 3 / Brooding
433,True,True,True,Cluster 3,Cluster 3 / Brooding
434,True,True,False,Cluster 3,Cluster 3 / Brooding
435,True,True,True,Cluster 3,Cluster 3 / Brooding
436,True,True,False,Cluster 3,Cluster 3 / Brooding
437,True,True,False,Cluster 3,Cluster 3 / Brooding
438,True,True,False,Cluster 3,Cluster 3 / Brooding
439,True,True,False,Cluster 3,Cluster 3 / Brooding
440,True,True,False,Cluster 3,Cluster 3 / Brooding
441,True,True,False,Cluster 3,Cluster 3 / Brooding
442,True,True,False,Cluster 3,Cluster 3 / Brooding
443,True,False,False,Cluster 3,Cluster 3 / Brooding
444,True,True,True,Cluster 3,Cluster 3 / Brooding
445,True,True,False,Cluster 3,Cluster 3 / Literate
446,True,True,True,Cluster 3,Cluster 3 / Literate
447,True,True,True,Cluster 3,Cluster 3 / Literate
448,True,False,False,Cluster 3,Cluster 3 / Literate
449,True,True,True,Cluster 3,Cluster 3 / Literate
450,True,True,False,Cluster 3,Cluster 3 / Literate
451,True,True,False,Cluster 3,Cluster 3 / Literate
452,True,True,False,Cluster 3,Cluster 3 / Literate
453,True,False,False,Cluster 3,Cluster 3 / Literate
454,True,True,False,Cluster 3,Cluster 3 / Literate
455,True,True,False,Cluster 3,Cluster 3 / Literate
456,True,True,False,Cluster 3,Cluster 3 / Literate
457,True,False,False,Cluster 3,Cluster 3 / Literate
458,True,True,False,Cluster 3,Cluster 3 / Literate
459,True,True,False,Cluster 3,Cluster 3 / Literate
460,True,True,False,Cluster 3,Cluster 3 / Literate
461,True,True,False,Cluster 3,Cluster 3 / Literate
462,True,True,True,Cluster 3,Cluster 3 / Literate
463,True,True,False,Cluster 3,Cluster 3 / Literate
464,True,True,False,Cluster 3,Cluster 3 / Literate
465,True,True,False,Cluster 3,Cluster 3 / Literate
466,True,True,False,Cluster 3,Cluster 3 / Literate
467,True,False,False,Cluster 3,Cluster 3 / Literate
468,True,True,False,Cluster 3,Cluster 3 / Literate
469,True,True,False,Cluster 3,Cluster 3 / Literate
470,True,True,False,Cluster 3,Cluster 3 / Literate
471,True,True,False,Cluster 3,Cluster 3 / Literate
472,True,True,False,Cluster 3,Cluster 3 / Literate
473,True,True,False,Cluster 3,Cluster 3 / Literate
474,True,True,False,Cluster 3,Cluster 3 / Literate
475,True,True,False,Cluster 3,Cluster 3 / Literate
476,True,True,False,Cluster 3,Cluster 3 / Literate
477,True,True,False,Cluster 3,Cluster 3 / Literate
478,True,True,False,Cluster 3,Cluster 3 / Literate
479,True,True,False,Cluster 3,Cluster 3 / Literate
480,True,True,False,Cluster 3,Cluster 3 / Literate
481,True,True,False,Cluster 3,Cluster 3 / Literate
482,True,True,False,Cluster 3,Cluster 3 / Literate
483,True,True,True,Cluster 3,Cluster 3 / Literate
484,True,True,False,Cluster 3,Cluster 3 / Poignant
485,True,True,False,Cluster 3,Cluster 3 / Poignant
486,True,True,True,Cluster 3,Cluster 3 / Poignant
487,True,True,False,Cluster 3,Cluster 3 / Poignant
488,True,True,False,Cluster 3,Cluster 3 / Poignant
489,True,True,False,Cluster 3,Cluster 3 / Poignant
490,True,True,True,Cluster 3,Cluster 3 / Poignant
491,True,True,True,Cluster 3,Cluster 3 / Poignant
492,True,True,False,Cluster 3,Cluster 3 / Poignant
493,True,True,False,Cluster 3,Cluster 3 / Poignant
494,True,True,False,Cluster 3,Cluster 3 / Poignant
495,True,True,False,Cluster 3,Cluster 3 / Poignant
496,True,True,True,Cluster 3,Cluster 3 / Poignant
497,True,True,False,Cluster 3,Cluster 3 / Poignant
498,True,True,False,Cluster 3,Cluster 3 / Poignant
499,True,True,False,Cluster 3,Cluster 3 / Poignant
500,True,True,False,Cluster 3,Cluster 3 / Poignant
501,True,True,False,Cluster 3,Cluster 3 / Poignant
502,True,True,False,Cluster 3,Cluster 3 / Poignant
503,True,True,False,Cluster 3,Cluster 3 / Poignant
504,True,True,False,Cluster 3,Cluster 3 / Poignant
505,True,True,True,Cluster 3,Cluster 3 / Poignant
506,True,True,True,Cluster 3,Cluster 3 / Poignant
507,True,True,False,Cluster 3,Cluster 3 / Poignant
508,True,True,False,Cluster 3,Cluster 3 / Poignant
509,True,False,False,Cluster 3,Cluster 3 / Poignant
510,True,True,True,Cluster 3,Cluster 3 / Poignant
511,True,True,True,Cluster 3,Cluster 3 / Poignant
512,True,True,False,Cluster 3,Cluster 3 / Poignant
513,True,True,True,Cluster 3,Cluster 3 / Poignant
514,True,True,True,Cluster 3,Cluster 3 / Poignant
515,True,True,False,Cluster 3,Cluster 3 / Poignant
516,True,True,False,Cluster 3,Cluster 3 / Wistful
517,True,True,False,Cluster 3,Cluster 3 / Wistful
518,True,True,False,Cluster 3,Cluster 3 / Wistful
519,True,False,False,Cluster 3,Cluster 3 / Wistful
520,True,False,False,Cluster 3,Cluster 3 / Wistful
521,True,True,False,Cluster 3,Cluster 3 / Wistful
522,True,True,True,Cluster 3,Cluster 3 / Wistful
523,True,False,False,Cluster 3,Cluster 3 / Wistful
524,True,True,False,Cluster 3,Cluster 3 / Wistful
525,True,False,False,Cluster 3,Cluster 3 / Wistful
526,True,True,False,Cluster 3,Cluster 3 / Wistful
527,True,True,True,Cluster 3,Cluster 3 / Wistful
528,True,True,False,Cluster 3,Cluster 3 / Wistful
529,True,True,False,Cluster 3,Cluster 3 / Wistful
530,True,True,False,Cluster 3,Cluster 3 / Wistful
531,True,False,False,Cluster 3,Cluster 3 / Wistful
532,True,True,False,Cluster 3,Cluster 3 / Wistful
533,True,True,False,Cluster 3,Cluster 3 / Wistful
534,True,True,False,Cluster 3,Cluster 3 / Wistful
535,True,True,False,Cluster 3,Cluster 3 / Wistful
536,True,True,True,Cluster 3,Cluster 3 / Wistful
537,True,True,False,Cluster 3,Cluster 3 / Wistful
538,True,True,False,Cluster 3,Cluster 3 / Wistful
539,True,True,False,Cluster 3,Cluster 3 / Wistful
540,True,True,False,Cluster 3,Cluster 3 / Wistful
541,True,True,True,Cluster 3,Cluster 3 / Wistful
542,True,True,False,Cluster 3,Cluster 3 / Wistful
543,True,True,False,Cluster 3,Cluster 3 / Wistful
544,True,True,False,Cluster 3,Cluster 3 / Wistful
545,True,True,True,Cluster 3,Cluster 3 / Wistful
546,True,False,False,Cluster 3,Cluster 3 / Wistful
547,True,True,True,Cluster 3,Cluster 3 / Wistful
548,True,True,False,Cluster 3,Cluster 3 / Wistful
549,True,True,True,Cluster 3,Cluster 3 / Wistful
550,True,True,False,Cluster 4,Cluster 4 / Campy
551,True,True,False,Cluster 4,Cluster 4 / Campy
552,True,True,True,Cluster 4,Cluster 4 / Campy
553,True,True,True,Cluster 4,Cluster 4 / Campy
554,True,True,False,Cluster 4,Cluster 4 / Campy
555,True,True,False,Cluster 4,Cluster 4 / Campy
556,True,True,False,Cluster 4,Cluster 4 / Campy
557,True,True,False,Cluster 4,Cluster 4 / Campy
558,True,True,False,Cluster 4,Cluster 4 / Campy
559,True,True,True,Cluster 4,Cluster 4 / Campy
560,True,True,True,Cluster 4,Cluster 4 / Campy
561,True,True,False,Cluster 4,Cluster 4 / Campy
562,True,True,True,Cluster 4,Cluster 4 / Campy
563,True,True,False,Cluster 4,Cluster 4 / Campy
564,True,True,False,Cluster 4,Cluster 4 / Campy
565,True,False,False,Cluster 4,Cluster 4 / Campy
566,True,True,False,Cluster 4,Cluster 4 / Campy
567,True,True,True,Cluster 4,Cluster 4 / Campy
568,True,True,False,Cluster 4,Cluster 4 / Campy
569,True,True,False,Cluster 4,Cluster 4 / Campy
570,True,True,False,Cluster 4,Cluster 4 / Campy
571,True,True,True,Cluster 4,Cluster 4 / Campy
572,True,True,False,Cluster 4,Cluster 4 / Campy
573,True,False,False,Cluster 4,Cluster 4 / Campy
574,True,False,False,Cluster 4,Cluster 4 / Campy
575,True,True,True,Cluster 4,Cluster 4 / Campy
576,True,False,False,Cluster 4,Cluster 4 / Campy
577,True,True,True,Cluster 4,Cluster 4 / Campy
578,True,True,False,Cluster 4,Cluster 4 / Campy
579,True,True,True,Cluster 4,Cluster 4 / Campy
580,True,True,False,Cluster 4,Cluster 4 / Campy
581,True,True,False,Cluster 4,Cluster 4 / Campy
582,True,False,False,Cluster 4,Cluster 4 / Campy
583,True,False,False,Cluster 4,Cluster 4 / Campy
584,True,False,False,Cluster 4,Cluster 4 / Campy
585,True,True,False,Cluster 4,Cluster 4 / Campy
586,True,True,False,Cluster 4,Cluster 4 / Campy
587,True,True,False,Cluster 4,Cluster 4 / Campy
588,True,True,False,Cluster 4,Cluster 4 / Humorous
589,True,True,True,Cluster 4,Cluster 4 / Humorous
590,True,True,False,Cluster 4,Cluster 4 / Humorous
591,True,True,False,Cluster 4,Cluster 4 / Humorous
592,True,False,False,Cluster 4,Cluster 4 / Humorous
593,True,True,True,Cluster 4,Cluster 4 / Humorous
594,True,True,False,Cluster 4,Cluster 4 / Humorous
595,True,False,False,Cluster 4,Cluster 4 / Humorous
596,True,True,False,Cluster 4,Cluster 4 / Humorous
597,True,True,True,Cluster 4,Cluster 4 / Humorous
598,True,True,False,Cluster 4,Cluster 4 / Humorous
599,True,True,False,Cluster 4,Cluster 4 / Humorous
600,True,True,False,Cluster 4,Cluster 4 / Humorous
601,True,True,False,Cluster 4,Cluster 4 / Humorous
602,True,True,False,Cluster 4,Cluster 4 / Humorous
603,True,True,True,Cluster 4,Cluster 4 / Humorous
604,True,True,False,Cluster 4,Cluster 4 / Humorous
605,True,True,False,Cluster 4,Cluster 4 / Humorous
606,True,True,False,Cluster 4,Cluster 4 / Humorous
607,True,False,False,Cluster 4,Cluster 4 / Humorous
608,True,True,True,Cluster 4,Cluster 4 / Humorous
609,True,True,True,Cluster 4,Cluster 4 / Humorous
610,True,True,False,Cluster 4,Cluster 4 / Silly
611,True,True,False,Cluster 4,Cluster 4 / Silly
612,True,True,False,Cluster 4,Cluster 4 / Silly
613,True,True,True,Cluster 4,Cluster 4 / Silly
614,True,True,False,Cluster 4,Cluster 4 / Silly
615,True,True,False,Cluster 4,Cluster 4 / Silly
616,True,True,False,Cluster 4,Cluster 4 / Silly
617,True,True,False,Cluster 4,Cluster 4 / Silly
618,True,True,False,Cluster 4,Cluster 4 / Silly
619,True,True,True,Cluster 4,Cluster 4 / Silly
620,True,True,False,Cluster 4,Cluster 4 / Silly
621,True,False,False,Cluster 4,Cluster 4 / Silly
622,True,True,False,Cluster 4,Cluster 4 / Silly
623,True,True,False,Cluster 4,Cluster 4 / Silly
624,True,True,False,Cluster 4,Cluster 4 / Silly
625,True,True,False,Cluster 4,Cluster 4 / Silly
626,True,True,True,Cluster 4,Cluster 4 / Silly
627,True,True,False,Cluster 4,Cluster 4 / Silly
628,True,True,False,Cluster 4,Cluster 4 / Silly
629,True,True,False,Cluster 4,Cluster 4 / Silly
630,True,True,False,Cluster 4,Cluster 4 / Silly
631,True,True,False,Cluster 4,Cluster 4 / Silly
632,True,True,False,Cluster 4,Cluster 4 / Silly
633,True,True,False,Cluster 4,Cluster 4 / Silly
634,True,True,False,Cluster 4,Cluster 4 / Silly
635,True,True,False,Cluster 4,Cluster 4 / Silly
636,True,True,False,Cluster 4,Cluster 4 / Silly
637,True,False,False,Cluster 4,Cluster 4 / Silly
638,True,True,False,Cluster 4,Cluster 4 / whimsical
639,True,True,False,Cluster 4,Cluster 4 / whimsical
640,True,True,False,Cluster 4,Cluster 4 / whimsical
641,True,True,False,Cluster 4,Cluster 4 / whimsical
642,True,True,False,Cluster 4,Cluster 4 / whimsical
643,True,True,False,Cluster 4,Cluster 4 / whimsical
644,True,True,False,Cluster 4,Cluster 4 / whimsical
645,True,True,False,Cluster 4,Cluster 4 / whimsical
646,True,True,False,Cluster 4,Cluster 4 / whimsical
647,True,True,False,Cluster 4,Cluster 4 / whimsical
648,True,True,False,Cluster 4,Cluster 4 / whimsical
649,True,True,False,Cluster 4,Cluster 4 / whimsical
650,True,True,False,Cluster 4,Cluster 4 / whimsical
651,True,True,False,Cluster 4,Cluster 4 / whimsical
652,True,False,False,Cluster 4,Cluster 4 / whimsical
653,True,True,False,Cluster 4,Cluster 4 / whimsical
654,True,True,False,Cluster 4,Cluster 4 / whimsical
655,True,True,False,Cluster 4,Cluster 4 / whimsical
656,True,True,False,Cluster 4,Cluster 4 / whimsical
657,True,True,False,Cluster 4,Cluster 4 / whimsical
658,True,True,False,Cluster 4,Cluster 4 / whimsical
659,True,True,False,Cluster 4,Cluster 4 / whimsical
660,True,True,False,Cluster 4,Cluster 4 / whimsical
661,True,False,False,Cluster 4,Cluster 4 / whimsical
662,True,True,True,Cluster 4,Cluster 4 / whimsical
663,True,True,False,Cluster 4,Cluster 4 / whimsical
664,True,True,False,Cluster 4,Cluster 4 / whimsical
665,True,True,False,Cluster 4,Cluster 4 / whimsical
666,True,True,False,Cluster 4,Cluster 4 / whimsical
667,True,True,False,Cluster 4,Cluster 4 / whimsical
668,True,True,True,Cluster 4,Cluster 4 / whimsical
669,True,True,False,Cluster 4,Cluster 4 / whimsical
670,True,True,False,Cluster 4,Cluster 4 / whimsical
671,True,True,True,Cluster 4,Cluster 4 / whimsical
672,True,True,True,Cluster 4,Cluster 4 / Witty
673,True,True,False,Cluster 4,Cluster 4 / Witty
674,True,True,False,Cluster 4,Cluster 4 / Witty
675,True,True,False,Cluster 4,Cluster 4 / Witty
676,True,True,False,Cluster 4,Cluster 4 / Witty
677,True,True,False,Cluster 4,Cluster 4 / Witty
678,True,True,False,Cluster 4,Cluster 4 / Witty
679,True,True,False,Cluster 4,Cluster 4 / Witty
680,True,True,True,Cluster 4,Cluster 4 / Witty
681,True,True,False,Cluster 4,Cluster 4 / Witty
682,True,True,False,Cluster 4,Cluster 4 / Witty
683,True,True,False,Cluster 4,Cluster 4 / Witty
684,True,True,False,Cluster 4,Cluster 4 / Witty
685,True,False,False,Cluster 4,Cluster 4 / Witty
686,True,True,True,Cluster 4,Cluster 4 / Witty
687,True,True,False,Cluster 4,Cluster 4 / Witty
688,True,True,False,Cluster 4,Cluster 4 / Witty
689,True,True,False,Cluster 4,Cluster 4 / Witty
690,True,False,False,Cluster 4,Cluster 4 / Witty
691,True,True,False,Cluster 4,Cluster 4 / Witty
692,True,True,False,Cluster 4,Cluster 4 / Witty
693,True,True,True,Cluster 4,Cluster 4 / Witty
694,True,True,False,Cluster 4,Cluster 4 / Witty
695,True,True,False,Cluster 4,Cluster 4 / Witty
696,True,True,False,Cluster 4,Cluster 4 / Witty
697,True,False,False,Cluster 4,Cluster 4 / Witty
698,True,True,True,Cluster 4,Cluster 4 / Witty
699,True,True,False,Cluster 4,Cluster 4 / Witty
700,True,True,False,Cluster 4,Cluster 4 / Witty
701,True,True,False,Cluster 4,Cluster 4 / Witty
702,True,True,False,Cluster 4,Cluster 4 / Witty
703,True,True,False,Cluster 4,Cluster 4 / Witty
704,True,True,False,Cluster 4,Cluster 4 / Wry
705,True,True,False,Cluster 4,Cluster 4 / Wry
706,True,True,False,Cluster 4,Cluster 4 / Wry
707,True,True,True,Cluster 4,Cluster 4 / Wry
708,True,True,False,Cluster 4,Cluster 4 / Wry
709,True,True,False,Cluster 4,Cluster 4 / Wry
710,True,True,False,Cluster 4,Cluster 4 / Wry
711,True,True,False,Cluster 4,Cluster 4 / Wry
712,True,True,False,Cluster 4,Cluster 4 / Wry
713,True,True,False,Cluster 4,Cluster 4 / Wry
714,True,True,False,Cluster 4,Cluster 4 / Wry
715,True,True,False,Cluster 4,Cluster 4 / Wry
716,True,True,False,Cluster 4,Cluster 4 / Wry
717,True,True,False,Cluster 4,Cluster 4 / Wry
718,True,True,False,Cluster 4,Cluster 4 / Wry
719,True,True,False,Cluster 4,Cluster 4 / Wry
720,True,True,False,Cluster 4,Cluster 4 / Wry
721,True,True,True,Cluster 4,Cluster 4 / Wry
722,True,True,False,Cluster 4,Cluster 4 / Wry
723,True,True,True,Cluster 4,Cluster 4 / Wry
724,True,False,False,Cluster 4,Cluster 4 / Wry
725,True,True,False,Cluster 4,Cluster 4 / Wry
726,True,True,False,Cluster 4,Cluster 4 / Wry
727,True,True,True,Cluster 4,Cluster 4 / Wry
728,True,True,False,Cluster 4,Cluster 4 / Wry
729,True,True,False,Cluster 4,Cluster 4 / Wry
730,True,True,False,Cluster 4,Cluster 4 / Wry
731,True,True,False,Cluster 4,Cluster 4 / Wry
732,True,True,False,Cluster 4,Cluster 4 / Wry
733,True,True,True,Cluster 4,Cluster 4 / Wry
734,True,True,False,Cluster 4,Cluster 4 / Wry
735,True,True,False,Cluster 4,Cluster 4 / Wry
736,True,True,False,Cluster 4,Cluster 4 / Wry
737,True,True,False,Cluster 4,Cluster 4 / Wry
738,True,True,False,Cluster 4,Cluster 4 / Wry
739,True,True,False,Cluster 4,Cluster 4 / Wry
740,True,True,True,Cluster 4,Cluster 4 / Wry
741,True,True,True,Cluster 5,Cluster 5 / Agressive
742,True,True,False,Cluster 5,Cluster 5 / Agressive
743,True,True,False,Cluster 5,Cluster 5 / Agressive
744,True,True,False,Cluster 5,Cluster 5 / Agressive
745,True,True,False,Cluster 5,Cluster 5 / Agressive
746,True,True,False,Cluster 5,Cluster 5 / Agressive
747,True,True,False,Cluster 5,Cluster 5 / Agressive
748,True,True,False,Cluster 5,Cluster 5 / Agressive
749,True,False,False,Cluster 5,Cluster 5 / Agressive
750,True,True,True,Cluster 5,Cluster 5 / Agressive
751,True,False,False,Cluster 5,Cluster 5 / Agressive
752,True,True,False,Cluster 5,Cluster 5 / Agressive
753,True,True,False,Cluster 5,Cluster 5 / Agressive
754,True,True,True,Cluster 5,Cluster 5 / Agressive
755,True,True,False,Cluster 5,Cluster 5 / Agressive
756,True,True,False,Cluster 5,Cluster 5 / Agressive
757,True,True,True,Cluster 5,Cluster 5 / Agressive
758,True,True,False,Cluster 5,Cluster 5 / Agressive
759,True,True,False,Cluster 5,Cluster 5 / Agressive
760,True,True,False,Cluster 5,Cluster 5 / Agressive
761,True,True,False,Cluster 5,Cluster 5 / Agressive
762,True,True,False,Cluster 5,Cluster 5 / Agressive
763,True,True,False,Cluster 5,Cluster 5 / Fiery
764,True,True,True,Cluster 5,Cluster 5 / Fiery
765,True,True,False,Cluster 5,Cluster 5 / Fiery
766,True,False,False,Cluster 5,Cluster 5 / Fiery
767,True,False,False,Cluster 5,Cluster 5 / Fiery
768,True,False,False,Cluster 5,Cluster 5 / Fiery
769,True,True,False,Cluster 5,Cluster 5 / Fiery
770,True,False,False,Cluster 5,Cluster 5 / Fiery
771,True,True,False,Cluster 5,Cluster 5 / Fiery
772,True,False,False,Cluster 5,Cluster 5 / Fiery
773,True,True,True,Cluster 5,Cluster 5 / Fiery
774,True,False,False,Cluster 5,Cluster 5 / Fiery
775,True,False,False,Cluster 5,Cluster 5 / Fiery
776,True,True,False,Cluster 5,Cluster 5 / Fiery
777,True,True,False,Cluster 5,Cluster 5 / Fiery
778,True,False,False,Cluster 5,Cluster 5 / Fiery
779,True,True,False,Cluster 5,Cluster 5 / Fiery
780,True,False,False,Cluster 5,Cluster 5 / Fiery
781,True,False,False,Cluster 5,Cluster 5 / Fiery
782,True,False,False,Cluster 5,Cluster 5 / Fiery
783,True,True,True,Cluster 5,Cluster 5 / Fiery
784,True,True,False,Cluster 5,Cluster 5 / Fiery
785,True,True,False,Cluster 5,Cluster 5 / Fiery
786,True,True,False,Cluster 5,Cluster 5 / Fiery
787,True,False,False,Cluster 5,Cluster 5 / Fiery
788,True,True,False,Cluster 5,Cluster 5 / Fiery
789,True,False,False,Cluster 5,Cluster 5 / Intense
790,True,False,False,Cluster 5,Cluster 5 / Intense
791,True,True,False,Cluster 5,Cluster 5 / Intense
792,True,False,False,Cluster 5,Cluster 5 / Intense
793,True,False,False,Cluster 5,Cluster 5 / Intense
794,True,True,True,Cluster 5,Cluster 5 / Intense
795,True,False,False,Cluster 5,Cluster 5 / Intense
796,True,False,False,Cluster 5,Cluster 5 / Intense
797,True,True,True,Cluster 5,Cluster 5 / Intense
798,True,True,False,Cluster 5,Cluster 5 / Intense
799,True,True,False,Cluster 5,Cluster 5 / Intense
800,True,True,False,Cluster 5,Cluster 5 / Intense
801,True,False,False,Cluster 5,Cluster 5 / Intense
802,True,True,False,Cluster 5,Cluster 5 / Intense
803,True,True,False,Cluster 5,Cluster 5 / Intense
804,True,True,False,Cluster 5,Cluster 5 / Intense
805,True,False,False,Cluster 5,Cluster 5 / Intense
806,True,False,False,Cluster 5,Cluster 5 / Intense
807,True,True,True,Cluster 5,Cluster 5 / Intense
808,True,True,True,Cluster 5,Cluster 5 / Intense
809,True,True,False,Cluster 5,Cluster 5 / Intense
810,True,True,False,Cluster 5,Cluster 5 / Intense
811,True,True,False,Cluster 5,Cluster 5 / Intense
812,True,True,True,Cluster 5,Cluster 5 / Intense
813,True,True,False,Cluster 5,Cluster 5 / Intense
814,True,True,False,Cluster 5,Cluster 5 / Tense - Anxious
815,True,True,True,Cluster 5,Cluster 5 / Tense - Anxious
816,True,True,False,Cluster 5,Cluster 5 / Tense - Anxious
817,True,True,False,Cluster 5,Cluster 5 / Tense - Anxious
818,True,True,False,Cluster 5,Cluster 5 / Tense - Anxious
819,True,True,False,Cluster 5,Cluster 5 / Tense - Anxious
820,True,True,False,Cluster 5,Cluster 5 / Tense - Anxious
821,True,True,False,Cluster 5,Cluster 5 / Tense - Anxious
822,True,True,False,Cluster 5,Cluster 5 / Tense - Anxious
823,True,True,False,Cluster 5,Cluster 5 / Tense - Anxious
824,True,False,False,Cluster 5,Cluster 5 / Tense - Anxious
825,True,True,False,Cluster 5,Cluster 5 / Tense - Anxious
826,True,True,False,Cluster 5,Cluster 5 / Tense - Anxious
827,True,True,False,Cluster 5,Cluster 5 / Tense - Anxious
828,True,True,False,Cluster 5,Cluster 5 / Tense - Anxious
829,True,True,False,Cluster 5,Cluster 5 / Tense - Anxious
830,True,True,False,Cluster 5,Cluster 5 / Tense - Anxious
831,True,True,False,Cluster 5,Cluster 5 / Tense - Anxious
832,True,True,False,Cluster 5,Cluster 5 / Tense - Anxious
833,True,True,False,Cluster 5,Cluster 5 / Tense - Anxious
834,True,True,False,Cluster 5,Cluster 5 / Tense - Anxious
835,True,True,False,Cluster 5,Cluster 5 / Tense - Anxious
836,True,True,True,Cluster 5,Cluster 5 / Tense - Anxious
837,True,True,False,Cluster 5,Cluster 5 / Tense - Anxious
838,True,True,True,Cluster 5,Cluster 5 / Tense - Anxious
839,True,True,True,Cluster 5,Cluster 5 / Tense - Anxious
840,True,True,True,Cluster 5,Cluster 5 / Tense - Anxious
841,True,True,False,Cluster 5,Cluster 5 / Tense - Anxious
842,True,True,False,Cluster 5,Cluster 5 / Tense - Anxious
843,True,True,True,Cluster 5,Cluster 5 / Tense - Anxious
844,True,True,False,Cluster 5,Cluster 5 / Tense - Anxious
845,True,True,False,Cluster 5,Cluster 5 / Visceral
846,True,False,False,Cluster 5,Cluster 5 / Visceral
847,True,True,False,Cluster 5,Cluster 5 / Visceral
848,True,True,False,Cluster 5,Cluster 5 / Visceral
849,True,True,False,Cluster 5,Cluster 5 / Visceral
850,True,True,False,Cluster 5,Cluster 5 / Visceral
851,True,True,True,Cluster 5,Cluster 5 / Visceral
852,True,True,False,Cluster 5,Cluster 5 / Visceral
853,True,True,True,Cluster 5,Cluster 5 / Visceral
854,True,True,False,Cluster 5,Cluster 5 / Visceral
855,True,False,False,Cluster 5,Cluster 5 / Visceral
856,True,True,False,Cluster 5,Cluster 5 / Visceral
857,True,False,False,Cluster 5,Cluster 5 / Visceral
858,True,True,False,Cluster 5,Cluster 5 / Visceral
859,True,True,False,Cluster 5,Cluster 5 / Visceral
860,True,True,False,Cluster 5,Cluster 5 / Visceral
861,True,True,False,Cluster 5,Cluster 5 / Visceral
862,True,True,True,Cluster 5,Cluster 5 / Visceral
863,True,True,False,Cluster 5,Cluster 5 / Visceral
864,True,True,True,Cluster 5,Cluster 5 / Visceral
865,True,False,False,Cluster 5,Cluster 5 / Visceral
866,True,False,False,Cluster 5,Cluster 5 / Visceral
867,True,False,False,Cluster 5,Cluster 5 / Visceral
868,True,False,False,Cluster 5,Cluster 5 / Visceral
869,True,True,False,Cluster 5,Cluster 5 / Visceral
870,True,True,False,Cluster 5,Cluster 5 / Visceral
871,True,True,False,Cluster 5,Cluster 5 / Visceral
872,True,True,False,Cluster 5,Cluster 5 / Visceral
873,True,True,False,Cluster 5,Cluster 5 / Visceral
874,True,True,False,Cluster 5,Cluster 5 / Visceral
875,True,True,False,Cluster 5,Cluster 5 / Visceral
876,True,True,False,Cluster 5,Cluster 5 / Visceral
877,True,True,False,Cluster 5,Cluster 5 / Volatile
878,True,True,False,Cluster 5,Cluster 5 / Volatile
879,True,True,False,Cluster 5,Cluster 5 / Volatile
880,True,True,False,Cluster 5,Cluster 5 / Volatile
881,True,False,False,Cluster 5,Cluster 5 / Volatile
882,True,True,False,Cluster 5,Cluster 5 / Volatile
883,True,True,False,Cluster 5,Cluster 5 / Volatile
884,True,True,False,Cluster 5,Cluster 5 / Volatile
885,True,True,False,Cluster 5,Cluster 5 / Volatile
886,True,True,True,Cluster 5,Cluster 5 / Volatile
887,True,True,True,Cluster 5,Cluster 5 / Volatile
888,True,True,False,Cluster 5,Cluster 5 / Volatile
889,True,True,False,Cluster 5,Cluster 5 / Volatile
890,True,True,False,Cluster 5,Cluster 5 / Volatile
891,True,False,False,Cluster 5,Cluster 5 / Volatile
892,True,False,False,Cluster 5,Cluster 5 / Volatile
893,True,False,False,Cluster 5,Cluster 5 / Volatile
894,True,True,False,Cluster 5,Cluster 5 / Volatile
895,True,True,False,Cluster 5,Cluster 5 / Volatile
896,True,False,False,Cluster 5,Cluster 5 / Volatile
897,True,True,False,Cluster 5,Cluster 5 / Volatile
898,True,False,False,Cluster 5,Cluster 5 / Volatile
899,True,True,False,Cluster 5,Cluster 5 / Volatile
900,True,True,False,Cluster 5,Cluster 5 / Volatile
901,True,True,False,Cluster 5,Cluster 5 / Volatile
902,True,True,True,Cluster 5,Cluster 5 / Volatile
903,True,True,False,Cluster 5,Cluster 5 / Volatile
