file_id,label_cluster,label_full
001,Cluster 1,Cluster 1 / Boisterous
002,Cluster 1,Cluster 1 / Boisterous
003,Cluster 1,Cluster 1 / Boisterous
004,Cluster 1,Cluster 1 / Boisterous
005,Cluster 1,Cluster 1 / Boisterous
006,Cluster 1,Cluster 1 / Boisterous
007,Cluster 1,Cluster 1 / Boisterous
008,Cluster 1,Cluster 1 / Boisterous
009,Cluster 1,Cluster 1 / Boisterous
010,Cluster 1,Cluster 1 / Boisterous
011,Cluster 1,Cluster 1 / Boisterous
012,Cluster 1,Cluster 1 / Boisterous
013,Cluster 1,Cluster 1 / Boisterous
014,Cluster 1,Cluster 1 / Boisterous
015,Cluster 1,Cluster 1 / Boisterous
016,Cluster 1,Cluster 1 / Boisterous
017,Cluster 1,Cluster 1 / Boisterous
018,Cluster 1,Cluster 1 / Boisterous
019,Cluster 1,Cluster 1 / Boisterous
020,Cluster 1,Cluster 1 / Boisterous
021,Cluster 1,Cluster 1 / Boisterous
022,Cluster 1,Cluster 1 / Boisterous
023,Cluster 1,Cluster 1 / Boisterous
024,Cluster 1,Cluster 1 / Boisterous
025,Cluster 1,Cluster 1 / Boisterous
026,Cluster 1,Cluster 1 / Boisterous
027,Cluster 1,Cluster 1 / Boisterous
028,Cluster 1,Cluster 1 / Boisterous
029,Cluster 1,Cluster 1 / Boisterous
030,Cluster 1,Cluster 1 / Boisterous
031,Cluster 1,Cluster 1 / Boisterous
032,Cluster 1,Cluster 1 / Confident
033,Cluster 1,Cluster 1 / Confident
034,Cluster 1,Cluster 1 / Confident
035,Cluster 1,Cluster 1 / Confident
036,Cluster 1,Cluster 1 / Confident
037,Cluster 1,Cluster 1 / Confident
038,Cluster 1,Cluster 1 / Confident
039,Cluster 1,Cluster 1 / Confident
040,Cluster 1,Cluster 1 / Confident
041,Cluster 1,Cluster 1 / Confident
042,Cluster 1,Cluster 1 / Confident
043,Cluster 1,Cluster 1 / Confident
044,Cluster 1,Cluster 1 / Confident
045,Cluster 1,Cluster 1 / Confident
046,Cluster 1,Cluster 1 / Confident
047,Cluster 1,Cluster 1 / Confident
048,Cluster 1,Cluster 1 / Confident
049,Cluster 1,Cluster 1 / Confident
050,Cluster 1,Cluster 1 / Confident
051,Cluster 1,Cluster 1 / Confident
052,Cluster 1,Cluster 1 / Confident
053,Cluster 1,Cluster 1 / Confident
054,Cluster 1,Cluster 1 / Confident
055,Cluster 1,Cluster 1 / Confident
056,Cluster 1,Cluster 1 / Confident
057,Cluster 1,Cluster 1 / Confident
058,Cluster 1,Cluster 1 / Confident
059,Cluster 1,Cluster 1 / Confident
060,Cluster 1,Cluster 1 / Confident
061,Cluster 1,Cluster 1 / Confident
062,Cluster 1,Cluster 1 / Confident
063,Cluster 1,Cluster 1 / Confident
064,Cluster 1,Cluster 1 / Confident
065,Cluster 1,Cluster 1 / Confident
066,Cluster 1,Cluster 1 / Confident
067,Cluster 1,Cluster 1 / Confident
068,Cluster 1,Cluster 1 / Confident
069,Cluster 1,Cluster 1 / Passionate
070,Cluster 1,Cluster 1 / Passionate
071,Cluster 1,Cluster 1 / Passionate
072,Cluster 1,Cluster 1 / Passionate
073,Cluster 1,Cluster 1 / Passionate
074,Cluster 1,Cluster 1 / Passionate
075,Cluster 1,Cluster 1 / Passionate
076,Cluster 1,Cluster 1 / Passionate
077,Cluster 1,Cluster 1 / Passionate
078,Cluster 1,Cluster 1 / Passionate
079,Cluster 1,Cluster 1 / Passionate
080,Cluster 1,Cluster 1 / Passionate
081,Cluster 1,Cluster 1 / Passionate
082,Cluster 1,Cluster 1 / Passionate
083,Cluster 1,Cluster 1 / Passionate
084,Cluster 1,Cluster 1 / Passionate
085,Cluster 1,Cluster 1 / Passionate
086,Cluster 1,Cluster 1 / Passionate
087,Cluster 1,Cluster 1 / Passionate
088,Cluster 1,Cluster 1 / Passionate
089,Cluster 1,Cluster 1 / Passionate
090,Cluster 1,Cluster 1 / Passionate
091,Cluster 1,Cluster 1 / Passionate
092,Cluster 1,Cluster 1 / Passionate
093,Cluster 1,Cluster 1 / Passionate
094,Cluster 1,Cluster 1 / Passionate
095,Cluster 1,Cluster 1 / Passionate
096,Cluster 1,Cluster 1 / Passionate
097,Cluster 1,Cluster 1 / Passionate
098,Cluster 1,Cluster 1 / Passionate
099,Cluster 1,Cluster 1 / Passionate
100,Cluster 1,Cluster 1 / Passionate
101,Cluster 1,Cluster 1 / Passionate
102,Cluster 1,Cluster 1 / Passionate
103,Cluster 1,Cluster 1 / Passionate
104,Cluster 1,Cluster 1 / Passionate
105,Cluster 1,Cluster 1 / Passionate
106,Cluster 1,Cluster 1 / Passionate
107,Cluster 1,Cluster 1 / Passionate
108,Cluster 1,Cluster 1 / Passionate
109,Cluster 1,Cluster 1 / Rousing
110,Cluster 1,Cluster 1 / Rousing
111,Cluster 1,Cluster 1 / Rousing
112,Cluster 1,Cluster 1 / Rousing
113,Cluster 1,Cluster 1 / Rousing
114,Cluster 1,Cluster 1 / Rousing
115,Cluster 1,Cluster 1 / Rousing
116,Cluster 1,Cluster 1 / Rousing
117,Cluster 1,Cluster 1 / Rousing
118,Cluster 1,Cluster 1 / Rousing
119,Cluster 1,Cluster 1 / Rousing
120,Cluster 1,Cluster 1 / Rousing
121,Cluster 1,Cluster 1 / Rousing
122,Cluster 1,Cluster 1 / Rousing
123,Cluster 1,Cluster 1 / Rousing
124,Cluster 1,Cluster 1 / Rousing
125,Cluster 1,Cluster 1 / Rousing
126,Cluster 1,Cluster 1 / Rousing
127,Cluster 1,Cluster 1 / Rousing
128,Cluster 1,Cluster 1 / Rousing
129,Cluster 1,Cluster 1 / Rousing
130,Cluster 1,Cluster 1 / Rousing
131,Cluster 1,Cluster 1 / Rousing
132,Cluster 1,Cluster 1 / Rousing
133,Cluster 1,Cluster 1 / Rousing
134,Cluster 1,Cluster 1 / Rousing
135,Cluster 1,Cluster 1 / Rousing
136,Cluster 1,Cluster 1 / Rousing
137,Cluster 1,Cluster 1 / Rousing
138,Cluster 1,Cluster 1 / Rousing
139,Cluster 1,Cluster 1 / Rousing
140,Cluster 1,Cluster 1 / Rousing
141,Cluster 1,Cluster 1 / Rousing
142,Cluster 1,Cluster 1 / Rowdy
143,Cluster 1,Cluster 1 / Rowdy
144,Cluster 1,Cluster 1 / Rowdy
145,Cluster 1,Cluster 1 / Rowdy
146,Cluster 1,Cluster 1 / Rowdy
147,Cluster 1,Cluster 1 / Rowdy
148,Cluster 1,Cluster 1 / Rowdy
149,Cluster 1,Cluster 1 / Rowdy
150,Cluster 1,Cluster 1 / Rowdy
151,Cluster 1,Cluster 1 / Rowdy
152,Cluster 1,Cluster 1 / Rowdy
153,Cluster 1,Cluster 1 / Rowdy
154,Cluster 1,Cluster 1 / Rowdy
155,Cluster 1,Cluster 1 / Rowdy
156,Cluster 1,Cluster 1 / Rowdy
157,Cluster 1,Cluster 1 / Rowdy
158,Cluster 1,Cluster 1 / Rowdy
159,Cluster 1,Cluster 1 / Rowdy
160,Cluster 1,Cluster 1 / Rowdy
161,Cluster 1,Cluster 1 / Rowdy
162,Cluster 1,Cluster 1 / Rowdy
163,Cluster 1,Cluster 1 / Rowdy
164,Cluster 1,Cluster 1 / Rowdy
165,Cluster 1,Cluster 1 / Rowdy
166,Cluster 1,Cluster 1 / Rowdy
167,Cluster 1,Cluster 1 / Rowdy
168,Cluster 1,Cluster 1 / Rowdy
169,Cluster 1,Cluster 1 / Rowdy
170,Cluster 1,Cluster 1 / Rowdy
171,Cluster 2,Cluster 2 / Amiable-good natured
172,Cluster 2,Cluster 2 / Amiable-good natured
173,Cluster 2,Cluster 2 / Amiable-good natured
174,Cluster 2,Cluster 2 / Amiable-good natured
175,Cluster 2,Cluster 2 / Amiable-good natured
176,Cluster 2,Cluster 2 / Amiable-good natured
177,Cluster 2,Cluster 2 / Amiable-good natured
178,Cluster 2,Cluster 2 / Amiable-good natured
179,Cluster 2,Cluster 2 / Amiable-good natured
180,Cluster 2,Cluster 2 / Amiable-good natured
181,Cluster 2,Cluster 2 / Amiable-good natured
182,Cluster 2,Cluster 2 / Amiable-good natured
183,Cluster 2,Cluster 2 / Amiable-good natured
184,Cluster 2,Cluster 2 / Amiable-good natured
185,Cluster 2,Cluster 2 / Amiable-good natured
186,Cluster 2,Cluster 2 / Amiable-good natured
187,Cluster 2,Cluster 2 / Amiable-good natured
188,Cluster 2,Cluster 2 / Amiable-good natured
189,Cluster 2,Cluster 2 / Amiable-good natured
190,Cluster 2,Cluster 2 / Amiable-good natured
191,Cluster 2,Cluster 2 / Amiable-good natured
192,Cluster 2,Cluster 2 / Amiable-good natured
193,Cluster 2,Cluster 2 / Amiable-good natured
194,Cluster 2,Cluster 2 / Amiable-good natured
195,Cluster 2,Cluster 2 / Amiable-good natured
196,Cluster 2,Cluster 2 / Amiable-good natured
197,Cluster 2,Cluster 2 / Amiable-good natured
198,Cluster 2,Cluster 2 / Amiable-good natured
199,Cluster 2,Cluster 2 / Amiable-good natured
200,Cluster 2,Cluster 2 / Amiable-good natured
201,Cluster 2,Cluster 2 / Amiable-good natured
202,Cluster 2,Cluster 2 / Amiable-good natured
203,Cluster 2,Cluster 2 / Amiable-good natured
204,Cluster 2,Cluster 2 / Amiable-good natured
205,Cluster 2,Cluster 2 / Amiable-good natured
206,Cluster 2,Cluster 2 / Cheerful
207,Cluster 2,Cluster 2 / Cheerful
208,Cluster 2,Cluster 2 / Cheerful
209,Cluster 2,Cluster 2 / Cheerful
210,Cluster 2,Cluster 2 / Cheerful
211,Cluster 2,Cluster 2 / Cheerful
212,Cluster 2,Cluster 2 / Cheerful
213,Cluster 2,Cluster 2 / Cheerful
214,Cluster 2,Cluster 2 / Cheerful
215,Cluster 2,Cluster 2 / Cheerful
216,Cluster 2,Cluster 2 / Cheerful
217,Cluster 2,Cluster 2 / Cheerful
218,Cluster 2,Cluster 2 / Cheerful
219,Cluster 2,Cluster 2 / Cheerful
220,Cluster 2,Cluster 2 / Cheerful
221,Cluster 2,Cluster 2 / Cheerful
222,Cluster 2,Cluster 2 / Cheerful
223,Cluster 2,Cluster 2 / Cheerful
224,Cluster 2,Cluster 2 / Cheerful
225,Cluster 2,Cluster 2 / Cheerful
226,Cluster 2,Cluster 2 / Cheerful
227,Cluster 2,Cluster 2 / Cheerful
228,Cluster 2,Cluster 2 / Cheerful
229,Cluster 2,Cluster 2 / Cheerful
230,Cluster 2,Cluster 2 / Cheerful
231,Cluster 2,Cluster 2 / Cheerful
232,Cluster 2,Cluster 2 / Cheerful
233,Cluster 2,Cluster 2 / Cheerful
234,Cluster 2,Cluster 2 / Cheerful
235,Cluster 2,Cluster 2 / Cheerful
236,Cluster 2,Cluster 2 / Cheerful
237,Cluster 2,Cluster 2 / Cheerful
238,Cluster 2,Cluster 2 / Fun
239,Cluster 2,Cluster 2 / Fun
240,Cluster 2,Cluster 2 / Fun
241,Cluster 2,Cluster 2 / Fun
242,Cluster 2,Cluster 2 / Fun
243,Cluster 2,Cluster 2 / Fun
244,Cluster 2,Cluster 2 / Fun
245,Cluster 2,Cluster 2 / Fun
246,Cluster 2,Cluster 2 / Fun
247,Cluster 2,Cluster 2 / Fun
248,Cluster 2,Cluster 2 / Fun
249,Cluster 2,Cluster 2 / Fun
250,Cluster 2,Cluster 2 / Fun
251,Cluster 2,Cluster 2 / Fun
252,Cluster 2,Cluster 2 / Fun
253,Cluster 2,Cluster 2 / Fun
254,Cluster 2,Cluster 2 / Fun
255,Cluster 2,Cluster 2 / Fun
256,Cluster 2,Cluster 2 / Fun
257,Cluster 2,Cluster 2 / Fun
258,Cluster 2,Cluster 2 / Fun
259,Cluster 2,Cluster 2 / Fun
260,Cluster 2,Cluster 2 / Fun
261,Cluster 2,Cluster 2 / Fun
262,Cluster 2,Cluster 2 / Fun
263,Cluster 2,Cluster 2 / Fun
264,Cluster 2,Cluster 2 / Fun
265,Cluster 2,Cluster 2 / Fun
266,Cluster 2,Cluster 2 / Fun
267,Cluster 2,Cluster 2 / Rollicking
268,Cluster 2,Cluster 2 / Rollicking
269,Cluster 2,Cluster 2 / Rollicking
270,Cluster 2,Cluster 2 / Rollicking
271,Cluster 2,Cluster 2 / Rollicking
272,Cluster 2,Cluster 2 / Rollicking
273,Cluster 2,Cluster 2 / Rollicking
274,Cluster 2,Cluster 2 / Rollicking
275,Cluster 2,Cluster 2 / Rollicking
276,Cluster 2,Cluster 2 / Rollicking
277,Cluster 2,Cluster 2 / Rollicking
278,Cluster 2,Cluster 2 / Rollicking
279,Cluster 2,Cluster 2 / Rollicking
280,Cluster 2,Cluster 2 / Rollicking
281,Cluster 2,Cluster 2 / Rollicking
282,Cluster 2,Cluster 2 / Rollicking
283,Cluster 2,Cluster 2 / Rollicking
284,Cluster 2,Cluster 2 / Rollicking
285,Cluster 2,Cluster 2 / Rollicking
286,Cluster 2,Cluster 2 / Rollicking
287,Cluster 2,Cluster 2 / Rollicking
288,Cluster 2,Cluster 2 / Rollicking
289,Cluster 2,Cluster 2 / Rollicking
290,Cluster 2,Cluster 2 / Rollicking
291,Cluster 2,Cluster 2 / Rollicking
292,Cluster 2,Cluster 2 / Rollicking
293,Cluster 2,Cluster 2 / Rollicking
294,Cluster 2,Cluster 2 / Rollicking
295,Cluster 2,Cluster 2 / Rollicking
296,Cluster 2,Cluster 2 / Rollicking
297,Cluster 2,Cluster 2 / Rollicking
298,Cluster 2,Cluster 2 / Rollicking
299,Cluster 2,Cluster 2 / Rollicking
300,Cluster 2,Cluster 2 / Sweet
301,Cluster 2,Cluster 2 / Sweet
302,Cluster 2,Cluster 2 / Sweet
303,Cluster 2,Cluster 2 / Sweet
304,Cluster 2,Cluster 2 / Sweet
305,Cluster 2,Cluster 2 / Sweet
306,Cluster 2,Cluster 2 / Sweet
307,Cluster 2,Cluster 2 / Sweet
308,Cluster 2,Cluster 2 / Sweet
309,Cluster 2,Cluster 2 / Sweet
310,Cluster 2,Cluster 2 / Sweet
311,Cluster 2,Cluster 2 / Sweet
312,Cluster 2,Cluster 2 / Sweet
313,Cluster 2,Cluster 2 / Sweet
314,Cluster 2,Cluster 2 / Sweet
315,Cluster 2,Cluster 2 / Sweet
316,Cluster 2,Cluster 2 / Sweet
317,Cluster 2,Cluster 2 / Sweet
318,Cluster 2,Cluster 2 / Sweet
319,Cluster 2,Cluster 2 / Sweet
320,Cluster 2,Cluster 2 / Sweet
321,Cluster 2,Cluster 2 / Sweet
322,Cluster 2,Cluster 2 / Sweet
323,Cluster 2,Cluster 2 / Sweet
324,Cluster 2,Cluster 2 / Sweet
325,Cluster 2,Cluster 2 / Sweet
326,Cluster 2,Cluster 2 / Sweet
327,Cluster 2,Cluster 2 / Sweet
328,Cluster 2,Cluster 2 / Sweet
329,Cluster 2,Cluster 2 / Sweet
330,Cluster 2,Cluster 2 / Sweet
331,Cluster 2,Cluster 2 / Sweet
332,Cluster 2,Cluster 2 / Sweet
333,Cluster 2,Cluster 2 / Sweet
334,Cluster 2,Cluster 2 / Sweet
335,Cluster 3,Cluster 3 / Autumnal
336,Cluster 3,Cluster 3 / Autumnal
337,Cluster 3,Cluster 3 / Autumnal
338,Cluster 3,Cluster 3 / Autumnal
339,Cluster 3,Cluster 3 / Autumnal
340,Cluster 3,Cluster 3 / Autumnal
341,Cluster 3,Cluster 3 / Autumnal
342,Cluster 3,Cluster 3 / Autumnal
343,Cluster 3,Cluster 3 / Autumnal
344,Cluster 3,Cluster 3 / Autumnal
345,Cluster 3,Cluster 3 / Autumnal
346,Cluster 3,Cluster 3 / Autumnal
347,Cluster 3,Cluster 3 / Autumnal
348,Cluster 3,Cluster 3 / Autumnal
349,Cluster 3,Cluster 3 / Autumnal
350,Cluster 3,Cluster 3 / Autumnal
351,Cluster 3,Cluster 3 / Autumnal
352,Cluster 3,Cluster 3 / Autumnal
353,Cluster 3,Cluster 3 / Autumnal
354,Cluster 3,Cluster 3 / Autumnal
355,Cluster 3,Cluster 3 / Autumnal
356,Cluster 3,Cluster 3 / Autumnal
357,Cluster 3,Cluster 3 / Autumnal
358,Cluster 3,Cluster 3 / Autumnal
359,Cluster 3,Cluster 3 / Autumnal
360,Cluster 3,Cluster 3 / Autumnal
361,Cluster 3,Cluster 3 / Autumnal
362,Cluster 3,Cluster 3 / Autumnal
363,Cluster 3,Cluster 3 / Autumnal
364,Cluster 3,Cluster 3 / Autumnal
365,Cluster 3,Cluster 3 / Autumnal
366,Cluster 3,Cluster 3 / Autumnal
367,Cluster 3,Cluster 3 / Autumnal
368,Cluster 3,Cluster 3 / Autumnal
369,Cluster 3,Cluster 3 / Autumnal
370,Cluster 3,Cluster 3 / Autumnal
371,Cluster 3,Cluster 3 / Bittersweet
372,Cluster 3,Cluster 3 / Bittersweet
373,Cluster 3,Cluster 3 / Bittersweet
374,Cluster 3,Cluster 3 / Bittersweet
375,Cluster 3,Cluster 3 / Bittersweet
376,Cluster 3,Cluster 3 / Bittersweet
377,Cluster 3,Cluster 3 / Bittersweet
378,Cluster 3,Cluster 3 / Bittersweet
379,Cluster 3,Cluster 3 / Bittersweet
380,Cluster 3,Cluster 3 / Bittersweet
381,Cluster 3,Cluster 3 / Bittersweet
382,Cluster 3,Cluster 3 / Bittersweet
383,Cluster 3,Cluster 3 / Bittersweet
384,Cluster 3,Cluster 3 / Bittersweet
385,Cluster 3,Cluster 3 / Bittersweet
386,Cluster 3,Cluster 3 / Bittersweet
387,Cluster 3,Cluster 3 / Bittersweet
388,Cluster 3,Cluster 3 / Bittersweet
389,Cluster 3,Cluster 3 / Bittersweet
390,Cluster 3,Cluster 3 / Bittersweet
391,Cluster 3,Cluster 3 / Bittersweet
392,Cluster 3,Cluster 3 / Bittersweet
393,Cluster 3,Cluster 3 / Bittersweet
394,Cluster 3,Cluster 3 / Bittersweet
395,Cluster 3,Cluster 3 / Bittersweet
396,Cluster 3,Cluster 3 / Bittersweet
397,Cluster 3,Cluster 3 / Bittersweet
398,Cluster 3,Cluster 3 / Bittersweet
399,Cluster 3,Cluster 3 / Bittersweet
400,Cluster 3,Cluster 3 / Bittersweet
401,Cluster 3,Cluster 3 / Bittersweet
402,Cluster 3,Cluster 3 / Bittersweet
403,Cluster 3,Cluster 3 / Bittersweet
404,Cluster 3,Cluster 3 / Bittersweet
405,Cluster 3,Cluster 3 / Bittersweet
406,Cluster 3,Cluster 3 / Bittersweet
407,Cluster 3,Cluster 3 / Bittersweet
408,Cluster 3,Cluster 3 / Bittersweet
409,Cluster 3,Cluster 3 / Brooding
410,Cluster 3,Cluster 3 / Brooding
411,Cluster 3,Cluster 3 / Brooding
412,Cluster 3,Cluster 3 / Brooding
413,Cluster 3,Cluster 3 / Brooding
414,Cluster 3,Cluster 3 / Brooding
415,Cluster 3,Cluster 3 / Brooding
416,Cluster 3,Cluster 3 / Brooding
417,Cluster 3,Cluster 3 / Brooding
418,Cluster 3,Cluster 3 / Brooding
419,Cluster 3,Cluster 3 / Brooding
420,Cluster 3,Cluster 3 / Brooding
421,Cluster 3,Cluster 3 / Brooding
422,Cluster 3,Cluster 3 / Brooding
423,Cluster 3,Cluster 3 / Brooding
424,Cluster 3,Cluster 3 / Brooding
425,Cluster 3,Cluster 3 / Brooding
426,Cluster 3,Cluster 3 / Brooding
427,Cluster 3,Cluster 3 / Brooding
428,Cluster 3,Cluster 3 / Brooding
429,Cluster 3,Cluster 3 / Brooding
430,Cluster 3,Cluster 3 / Brooding
431,Cluster 3,Cluster 3 / Brooding
432,Cluster 3,Cluster 3 / Brooding
433,Cluster 3,Cluster 3 / Brooding
434,Cluster 3,Cluster 3 / Brooding
435,Cluster 3,Cluster 3 / Brooding
436,Cluster 3,Cluster 3 / Brooding
437,Cluster 3,Cluster 3 / Brooding
438,Cluster 3,Cluster 3 / Brooding
439,Cluster 3,Cluster 3 / Brooding
440,Cluster 3,Cluster 3 / Brooding
441,Cluster 3,Cluster 3 / Brooding
442,Cluster 3,Cluster 3 / Brooding
443,Cluster 3,Cluster 3 / Brooding
444,Cluster 3,Cluster 3 / Brooding
445,Cluster 3,Cluster 3 / Literate
446,Cluster 3,Cluster 3 / Literate
447,Cluster 3,Cluster 3 / Literate
448,Cluster 3,Cluster 3 / Literate
449,Cluster 3,Cluster 3 / Literate
450,Cluster 3,Cluster 3 / Literate
451,Cluster 3,Cluster 3 / Literate
452,Cluster 3,Cluster 3 / Literate
453,Cluster 3,Cluster 3 / Literate
454,Cluster 3,Cluster 3 / Literate
455,Cluster 3,Cluster 3 / Literate
456,Cluster 3,Cluster 3 / Literate
457,Cluster 3,Cluster 3 / Literate
458,Cluster 3,Cluster 3 / Literate
459,Cluster 3,Cluster 3 / Literate
460,Cluster 3,Cluster 3 / Literate
461,Cluster 3,Cluster 3 / Literate
462,Cluster 3,Cluster 3 / Literate
463,Cluster 3,Cluster 3 / Literate
464,Cluster 3,Cluster 3 / Literate
465,Cluster 3,Cluster 3 / Literate
466,Cluster 3,Cluster 3 / Literate
467,Cluster 3,Cluster 3 / Literate
468,Cluster 3,Cluster 3 / Literate
469,Cluster 3,Cluster 3 / Literate
470,Cluster 3,Cluster 3 / Literate
471,Cluster 3,Cluster 3 / Literate
472,Cluster 3,Cluster 3 / Literate
473,Cluster 3,Cluster 3 / Literate
474,Cluster 3,Cluster 3 / Literate
475,Cluster 3,Cluster 3 / Literate
476,Cluster 3,Cluster 3 / Literate
477,Cluster 3,Cluster 3 / Literate
478,Cluster 3,Cluster 3 / Literate
479,Cluster 3,Cluster 3 / Literate
480,Cluster 3,Cluster 3 / Literate
481,Cluster 3,Cluster 3 / Literate
482,Cluster 3,Cluster 3 / Literate
483,Cluster 3,Cluster 3 / Literate
484,Cluster 3,Cluster 3 / Poignant
485,Cluster 3,Cluster 3 / Poignant
486,Cluster 3,Cluster 3 / Poignant
487,Cluster 3,Cluster 3 / Poignant
488,Cluster 3,Cluster 3 / Poignant
489,Cluster 3,Cluster 3 / Poignant
490,Cluster 3,Cluster 3 / Poignant
491,Cluster 3,Cluster 3 / Poignant
492,Cluster 3,Cluster 3 / Poignant
493,Cluster 3,Cluster 3 / Poignant
494,Cluster 3,Cluster 3 / Poignant
495,Cluster 3,Cluster 3 / Poignant
496,Cluster 3,Cluster 3 / Poignant
497,Cluster 3,Cluster 3 / Poignant
498,Cluster 3,Cluster 3 / Poignant
499,Cluster 3,Cluster 3 / Poignant
500,Cluster 3,Cluster 3 / Poignant
501,Cluster 3,Cluster 3 / Poignant
502,Cluster 3,Cluster 3 / Poignant
503,Cluster 3,Cluster 3 / Poignant
504,Cluster 3,Cluster 3 / Poignant
505,Cluster 3,Cluster 3 / Poignant
506,Cluster 3,Cluster 3 / Poignant
507,Cluster 3,Cluster 3 / Poignant
508,Cluster 3,Cluster 3 / Poignant
509,Cluster 3,Cluster 3 / Poignant
510,Cluster 3,Cluster 3 / Poignant
511,Cluster 3,Cluster 3 / Poignant
512,Cluster 3,Cluster 3 / Poignant
513,Cluster 3,Cluster 3 / Poignant
514,Cluster 3,Cluster 3 / Poignant
515,Cluster 3,Cluster 3 / Poignant
516,Cluster 3,Cluster 3 / Wistful
517,Cluster 3,Cluster 3 / Wistful
518,Cluster 3,Cluster 3 / Wistful
519,Cluster 3,Cluster 3 / Wistful
520,Cluster 3,Cluster 3 / Wistful
521,Cluster 3,Cluster 3 / Wistful
522,Cluster 3,Cluster 3 / Wistful
523,Cluster 3,Cluster 3 / Wistful
524,Cluster 3,Cluster 3 / Wistful
525,Cluster 3,Cluster 3 / Wistful
526,Cluster 3,Cluster 3 / Wistful
527,Cluster 3,Cluster 3 / Wistful
528,Cluster 3,Cluster 3 / Wistful
529,Cluster 3,Cluster 3 / Wistful
530,Cluster 3,Cluster 3 / Wistful
531,Cluster 3,Cluster 3 / Wistful
532,Cluster 3,Cluster 3 / Wistful
533,Cluster 3,Cluster 3 / Wistful
534,Cluster 3,Cluster 3 / Wistful
535,Cluster 3,Cluster 3 / Wistful
536,Cluster 3,Cluster 3 / Wistful
537,Cluster 3,Cluster 3 / Wistful
538,Cluster 3,Cluster 3 / Wistful
539,Cluster 3,Cluster 3 / Wistful
540,Cluster 3,Cluster 3 / Wistful
541,Cluster 3,Cluster 3 / Wistful
542,Cluster 3,Cluster 3 / Wistful
543,Cluster 3,Cluster 3 / Wistful
544,Cluster 3,Cluster 3 / Wistful
545,Cluster 3,Cluster 3 / Wistful
546,Cluster 3,Cluster 3 / Wistful
547,Cluster 3,Cluster 3 / Wistful
548,Cluster 3,Cluster 3 / Wistful
549,Cluster 3,Cluster 3 / Wistful
550,Cluster 4,Cluster 4 / Campy
551,Cluster 4,Cluster 4 / Campy
552,Cluster 4,Cluster 4 / Campy
553,Cluster 4,Cluster 4 / Campy
554,Cluster 4,Cluster 4 / Campy
555,Cluster 4,Cluster 4 / Campy
556,Cluster 4,Cluster 4 / Campy
557,Cluster 4,Cluster 4 / Campy
558,Cluster 4,Cluster 4 / Campy
559,Cluster 4,Cluster 4 / Campy
560,Cluster 4,Cluster 4 / Campy
561,Cluster 4,Cluster 4 / Campy
562,Cluster 4,Cluster 4 / Campy
563,Cluster 4,Cluster 4 / Campy
564,Cluster 4,Cluster 4 / Campy
565,Cluster 4,Cluster 4 / Campy
566,Cluster 4,Cluster 4 / Campy
567,Cluster 4,Cluster 4 / Campy
568,Cluster 4,Cluster 4 / Campy
569,Cluster 4,Cluster 4 / Campy
570,Cluster 4,Cluster 4 / Campy
571,Cluster 4,Cluster 4 / Campy
572,Cluster 4,Cluster 4 / Campy
573,Cluster 4,Cluster 4 / Campy
574,Cluster 4,Cluster 4 / Campy
575,Cluster 4,Cluster 4 / Campy
576,Cluster 4,Cluster 4 / Campy
577,Cluster 4,Cluster 4 / Campy
578,Cluster 4,Cluster 4 / Campy
579,Cluster 4,Cluster 4 / Campy
580,Cluster 4,Cluster 4 / Campy
581,Cluster 4,Cluster 4 / Campy
582,Cluster 4,Cluster 4 / Campy
583,Cluster 4,Cluster 4 / Campy
584,Cluster 4,Cluster 4 / Campy
585,Cluster 4,Cluster 4 / Campy
586,Cluster 4,Cluster 4 / Campy
587,Cluster 4,Cluster 4 / Campy
588,Cluster 4,Cluster 4 / Humorous
589,Cluster 4,Cluster 4 / Humorous
590,Cluster 4,Cluster 4 / Humorous
591,Cluster 4,Cluster 4 / Humorous
592,Cluster 4,Cluster 4 / Humorous
593,Cluster 4,Cluster 4 / Humorous
594,Cluster 4,Cluster 4 / Humorous
595,Cluster 4,Cluster 4 / Humorous
596,Cluster 4,Cluster 4 / Humorous
597,Cluster 4,Cluster 4 / Humorous
598,Cluster 4,Cluster 4 / Humorous
599,Cluster 4,Cluster 4 / Humorous
600,Cluster 4,Cluster 4 / Humorous
601,Cluster 4,Cluster 4 / Humorous
602,Cluster 4,Cluster 4 / Humorous
603,Cluster 4,Cluster 4 / Humorous
604,Cluster 4,Cluster 4 / Humorous
605,Cluster 4,Cluster 4 / Humorous
606,Cluster 4,Cluster 4 / Humorous
607,Cluster 4,Cluster 4 / Humorous
608,Cluster 4,Cluster 4 / Humorous
609,Cluster 4,Cluster 4 / Humorous
610,Cluster 4,Cluster 4 / Silly
611,Cluster 4,Cluster 4 / Silly
612,Cluster 4,Cluster 4 / Silly
613,Cluster 4,Cluster 4 / Silly
614,Cluster 4,Cluster 4 / Silly
615,Cluster 4,Cluster 4 / Silly
616,Cluster 4,Cluster 4 / Silly
617,Cluster 4,Cluster 4 / Silly
618,Cluster 4,Cluster 4 / Silly
619,Cluster 4,Cluster 4 / Silly
620,Cluster 4,Cluster 4 / Silly
621,Cluster 4,Cluster 4 / Silly
622,Cluster 4,Cluster 4 / Silly
623,Cluster 4,Cluster 4 / Silly
624,Cluster 4,Cluster 4 / Silly
625,Cluster 4,Cluster 4 / Silly
626,Cluster 4,Cluster 4 / Silly
627,Cluster 4,Cluster 4 / Silly
628,Cluster 4,Cluster 4 / Silly
629,Cluster 4,Cluster 4 / Silly
630,Cluster 4,Cluster 4 / Silly
631,Cluster 4,Cluster 4 / Silly
632,Cluster 4,Cluster 4 / Silly
633,Cluster 4,Cluster 4 / Silly
634,Cluster 4,Cluster 4 / Silly
635,Cluster 4,Cluster 4 / Silly
636,Cluster 4,Cluster 4 / Silly
637,Cluster 4,Cluster 4 / Silly
638,Cluster 4,Cluster 4 / whimsical
639,Cluster 4,Cluster 4 / whimsical
640,Cluster 4,Cluster 4 / whimsical
641,Cluster 4,Cluster 4 / whimsical
642,Cluster 4,Cluster 4 / whimsical
643,Cluster 4,Cluster 4 / whimsical
644,Cluster 4,Cluster 4 / whimsical
645,Cluster 4,Cluster 4 / whimsical
646,Cluster 4,Cluster 4 / whimsical
647,Cluster 4,Cluster 4 / whimsical
648,Cluster 4,Cluster 4 / whimsical
649,Cluster 4,Cluster 4 / whimsical
650,Cluster 4,Cluster 4 / whimsical
651,Cluster 4,Cluster 4 / whimsical
652,Cluster 4,Cluster 4 / whimsical
653,Cluster 4,Cluster 4 / whimsical
654,Cluster 4,Cluster 4 / whimsical
655,Cluster 4,Cluster 4 / whimsical
656,Cluster 4,Cluster 4 / whimsical
657,Cluster 4,Cluster 4 / whimsical
658,Cluster 4,Cluster 4 / whimsical
659,Cluster 4,Cluster 4 / whimsical
660,Cluster 4,Cluster 4 / whimsical
661,Cluster 4,Cluster 4 / whimsical
662,Cluster 4,Cluster 4 / whimsical
663,Cluster 4,Cluster 4 / whimsical
664,Cluster 4,Cluster 4 / whimsical
665,Cluster 4,Cluster 4 / whimsical
666,Cluster 4,Cluster 4 / whimsical
667,Cluster 4,Cluster 4 / whimsical
668,Cluster 4,Cluster 4 / whimsical
669,Cluster 4,Cluster 4 / whimsical
670,Cluster 4,Cluster 4 / whimsical
671,Cluster 4,Cluster 4 / whimsical
672,Cluster 4,Cluster 4 / Witty
673,Cluster 4,Cluster 4 / Witty
674,Cluster 4,Cluster 4 / Witty
675,Cluster 4,Cluster 4 / Witty
676,Cluster 4,Cluster 4 / Witty
677,Cluster 4,Cluster 4 / Witty
678,Cluster 4,Cluster 4 / Witty
679,Cluster 4,Cluster 4 / Witty
680,Cluster 4,Cluster 4 / Witty
681,Cluster 4,Cluster 4 / Witty
682,Cluster 4,Cluster 4 / Witty
683,Cluster 4,Cluster 4 / Witty
684,Cluster 4,Cluster 4 / Witty
685,Cluster 4,Cluster 4 / Witty
686,Cluster 4,Cluster 4 / Witty
687,Cluster 4,Cluster 4 / Witty
688,Cluster 4,Cluster 4 / Witty
689,Cluster 4,Cluster 4 / Witty
690,Cluster 4,Cluster 4 / Witty
691,Cluster 4,Cluster 4 / Witty
692,Cluster 4,Cluster 4 / Witty
693,Cluster 4,Cluster 4 / Witty
694,Cluster 4,Cluster 4 / Witty
695,Cluster 4,Cluster 4 / Witty
696,Cluster 4,Cluster 4 / Witty
697,Cluster 4,Cluster 4 / Witty
698,Cluster 4,Cluster 4 / Witty
699,Cluster 4,Cluster 4 / Witty
700,Cluster 4,Cluster 4 / Witty
701,Cluster 4,Cluster 4 / Witty
702,Cluster 4,Cluster 4 / Witty
703,Cluster 4,Cluster 4 / Witty
704,Cluster 4,Cluster 4 / Wry
705,Cluster 4,Cluster 4 / Wry
706,Cluster 4,Cluster 4 / Wry
707,Cluster 4,Cluster 4 / Wry
708,Cluster 4,Cluster 4 / Wry
709,Cluster 4,Cluster 4 / Wry
710,Cluster 4,Cluster 4 / Wry
711,Cluster 4,Cluster 4 / Wry
712,Cluster 4,Cluster 4 / Wry
713,Cluster 4,Cluster 4 / Wry
714,Cluster 4,Cluster 4 / Wry
715,Cluster 4,Cluster 4 / Wry
716,Cluster 4,Cluster 4 / Wry
717,Cluster 4,Cluster 4 / Wry
718,Cluster 4,Cluster 4 / Wry
719,Cluster 4,Cluster 4 / Wry
720,Cluster 4,Cluster 4 / Wry
721,Cluster 4,Cluster 4 / Wry
722,Cluster 4,Cluster 4 / Wry
723,Cluster 4,Cluster 4 / Wry
724,Cluster 4,Cluster 4 / Wry
725,Cluster 4,Cluster 4 / Wry
726,Cluster 4,Cluster 4 / Wry
727,Cluster 4,Cluster 4 / Wry
728,Cluster 4,Cluster 4 / Wry
729,Cluster 4,Cluster 4 / Wry
730,Cluster 4,Cluster 4 / Wry
731,Cluster 4,Cluster 4 / Wry
732,Cluster 4,Cluster 4 / Wry
733,Cluster 4,Cluster 4 / Wry
734,Cluster 4,Cluster 4 / Wry
735,Cluster 4,Cluster 4 / Wry
736,Cluster 4,Cluster 4 / Wry
737,Cluster 4,Cluster 4 / Wry
738,Cluster 4,Cluster 4 / Wry
739,Cluster 4,Cluster 4 / Wry
740,Cluster 4,Cluster 4 / Wry
741,Cluster 5,Cluster 5 / Agressive
742,Cluster 5,Cluster 5 / Agressive
743,Cluster 5,Cluster 5 / Agressive
744,Cluster 5,Cluster 5 / Agressive
745,Cluster 5,Cluster 5 / Agressive
746,Cluster 5,Cluster 5 / Agressive
747,Cluster 5,Cluster 5 / Agressive
748,Cluster 5,Cluster 5 / Agressive
749,Cluster 5,Cluster 5 / Agressive
750,Cluster 5,Cluster 5 / Agressive
751,Cluster 5,Cluster 5 / Agressive
752,Cluster 5,Cluster 5 / Agressive
753,Cluster 5,Cluster 5 / Agressive
754,Cluster 5,Cluster 5 / Agressive
755,Cluster 5,Cluster 5 / Agressive
756,Cluster 5,Cluster 5 / Agressive
757,Cluster 5,Cluster 5 / Agressive
758,Cluster 5,Cluster 5 / Agressive
759,Cluster 5,Cluster 5 / Agressive
760,Cluster 5,Cluster 5 / Agressive
761,Cluster 5,Cluster 5 / Agressive
762,Cluster 5,Cluster 5 / Agressive
763,Cluster 5,Cluster 5 / Fiery
764,Cluster 5,Cluster 5 / Fiery
765,Cluster 5,Cluster 5 / Fiery
766,Cluster 5,Cluster 5 / Fiery
767,Cluster 5,Cluster 5 / Fiery
768,Cluster 5,Cluster 5 / Fiery
769,Cluster 5,Cluster 5 / Fiery
770,Cluster 5,Cluster 5 / Fiery
771,Cluster 5,Cluster 5 / Fiery
772,Cluster 5,Cluster 5 / Fiery
773,Cluster 5,Cluster 5 / Fiery
774,Cluster 5,Cluster 5 / Fiery
775,Cluster 5,Cluster 5 / Fiery
776,Cluster 5,Cluster 5 / Fiery
777,Cluster 5,Cluster 5 / Fiery
778,Cluster 5,Cluster 5 / Fiery
779,Cluster 5,Cluster 5 / Fiery
780,Cluster 5,Cluster 5 / Fiery
781,Cluster 5,Cluster 5 / Fiery
782,Cluster 5,Cluster 5 / Fiery
783,Cluster 5,Cluster 5 / Fiery
784,Cluster 5,Cluster 5 / Fiery
785,Cluster 5,Cluster 5 / Fiery
786,Cluster 5,Cluster 5 / Fiery
787,Cluster 5,Cluster 5 / Fiery
788,Cluster 5,Cluster 5 / Fiery
789,Cluster 5,Cluster 5 / Intense
790,Cluster 5,Cluster 5 / Intense
791,Cluster 5,Cluster 5 / Intense
792,Cluster 5,Cluster 5 / Intense
793,Cluster 5,Cluster 5 / Intense
794,Cluster 5,Cluster 5 / Intense
795,Cluster 5,Cluster 5 / Intense
796,Cluster 5,Cluster 5 / Intense
797,Cluster 5,Cluster 5 / Intense
798,Cluster 5,Cluster 5 / Intense
799,Cluster 5,Cluster 5 / Intense
800,Cluster 5,Cluster 5 / Intense
801,Cluster 5,Cluster 5 / Intense
802,Cluster 5,Cluster 5 / Intense
803,Cluster 5,Cluster 5 / Intense
804,Cluster 5,Cluster 5 / Intense
805,Cluster 5,Cluster 5 / Intense
806,Cluster 5,Cluster 5 / Intense
807,Cluster 5,Cluster 5 / Intense
808,Cluster 5,Cluster 5 / Intense
809,Cluster 5,Cluster 5 / Intense
810,Cluster 5,Cluster 5 / Intense
811,Cluster 5,Cluster 5 / Intense
812,Cluster 5,Cluster 5 / Intense
813,Cluster 5,Cluster 5 / Intense
814,Cluster 5,Cluster 5 / Tense - Anxious
815,Cluster 5,Cluster 5 / Tense - Anxious
816,Cluster 5,Cluster 5 / Tense - Anxious
817,Cluster 5,Cluster 5 / Tense - Anxious
818,Cluster 5,Cluster 5 / Tense - Anxious
819,Cluster 5,Cluster 5 / Tense - Anxious
820,Cluster 5,Cluster 5 / Tense - Anxious
821,Cluster 5,Cluster 5 / Tense - Anxious
822,Cluster 5,Cluster 5 / Tense - Anxious
823,Cluster 5,Cluster 5 / Tense - Anxious
824,Cluster 5,Cluster 5 / Tense - Anxious
825,Cluster 5,Cluster 5 / Tense - Anxious
826,Cluster 5,Cluster 5 / Tense - Anxious
827,Cluster 5,Cluster 5 / Tense - Anxious
828,Cluster 5,Cluster 5 / Tense - Anxious
829,Cluster 5,Cluster 5 / Tense - Anxious
830,Cluster 5,Cluster 5 / Tense - Anxious
831,Cluster 5,Cluster 5 / Tense - Anxious
832,Cluster 5,Cluster 5 / Tense - Anxious
833,Cluster 5,Cluster 5 / Tense - Anxious
834,Cluster 5,Cluster 5 / Tense - Anxious
835,Cluster 5,Cluster 5 / Tense - Anxious
836,Cluster 5,Cluster 5 / Tense - Anxious
837,Cluster 5,Cluster 5 / Tense - Anxious
838,Cluster 5,Cluster 5 / Tense - Anxious
839,Cluster 5,Cluster 5 / Tense - Anxious
840,Cluster 5,Cluster 5 / Tense - Anxious
841,Cluster 5,Cluster 5 / Tense - Anxious
842,Cluster 5,Cluster 5 / Tense - Anxious
843,Cluster 5,Cluster 5 / Tense - Anxious
844,Cluster 5,Cluster 5 / Tense - Anxious
845,Cluster 5,Cluster 5 / Visceral
846,Cluster 5,Cluster 5 / Visceral
847,Cluster 5,Cluster 5 / Visceral
848,Cluster 5,Cluster 5 / Visceral
849,Cluster 5,Cluster 5 / Visceral
850,Cluster 5,Cluster 5 / Visceral
851,Cluster 5,Cluster 5 / Visceral
852,Cluster 5,Cluster 5 / Visceral
853,Cluster 5,Cluster 5 / Visceral
854,Cluster 5,Cluster 5 / Visceral
855,Cluster 5,Cluster 5 / Visceral
856,Cluster 5,Cluster 5 / Visceral
857,Cluster 5,Cluster 5 / Visceral
858,Cluster 5,Cluster 5 / Visceral
859,Cluster 5,Cluster 5 / Visceral
860,Cluster 5,Cluster 5 / Visceral
861,Cluster 5,Cluster 5 / Visceral
862,Cluster 5,Cluster 5 / Visceral
863,Cluster 5,Cluster 5 / Visceral
864,Cluster 5,Cluster 5 / Visceral
865,Cluster 5,Cluster 5 / Visceral
866,Cluster 5,Cluster 5 / Visceral
867,Cluster 5,Cluster 5 / Visceral
868,Cluster 5,Cluster 5 / Visceral
869,Cluster 5,Cluster 5 / Visceral
870,Cluster 5,Cluster 5 / Visceral
871,Cluster 5,Cluster 5 / Visceral
872,Cluster 5,Cluster 5 / Visceral
873,Cluster 5,Cluster 5 / Visceral
874,Cluster 5,Cluster 5 / Visceral
875,Cluster 5,Cluster 5 / Visceral
876,Cluster 5,Cluster 5 / Visceral
877,Cluster 5,Cluster 5 / Volatile
878,Cluster 5,Cluster 5 / Volatile
879,Cluster 5,Cluster 5 / Volatile
880,Cluster 5,Cluster 5 / Volatile
881,Cluster 5,Cluster 5 / Volatile
882,Cluster 5,Cluster 5 / Volatile
883,Cluster 5,Cluster 5 / Volatile
884,Cluster 5,Cluster 5 / Volatile
885,Cluster 5,Cluster 5 / Volatile
886,Cluster 5,Cluster 5 / Volatile
887,Cluster 5,Cluster 5 / Volatile
888,Cluster 5,Cluster 5 / Volatile
889,Cluster 5,Cluster 5 / Volatile
890,Cluster 5,Cluster 5 / Volatile
891,Cluster 5,Cluster 5 / Volatile
892,Cluster 5,Cluster 5 / Volatile
893,Cluster 5,Cluster 5 / Volatile
894,Cluster 5,Cluster 5 / Volatile
895,Cluster 5,Cluster 5 / Volatile
896,Cluster 5,Cluster 5 / Volatile
897,Cluster 5,Cluster 5 / Volatile
898,Cluster 5,Cluster 5 / Volatile
899,Cluster 5,Cluster 5 / Volatile
900,Cluster 5,Cluster 5 / Volatile
901,Cluster 5,Cluster 5 / Volatile
902,Cluster 5,Cluster 5 / Volatile
903,Cluster 5,Cluster 5 / Volatile
